User Address,Current USDC Balance,2023-10-18 USDC Balance,Exact Yield Earned,Yield %,Years Inactive,Historical Date
0x2dee59010cbb5dd5dfc4ab90f7a63c423041b2bb,9714344.395433,8522108.885537,1192235.509896,13.98,2.3,2023-06-13
0x1701037d4553c0cd5b4ed0c46b3a766c7d5b041f,2251958.740461,1999999.999999,251958.740462,12.59,2.0,2023-10-11
0x7951c7ef839e26f63da87a42c9a87986507f1c07,1140924.411161,1000000.000000,140924.411161,14.09,2.4,2023-05-30
0xfc9c46f98480acf1487e6a676b2da6e569f1f83e,517253.398806,458805.757847,58447.640959,12.73,2.0,2023-09-30
0xf0df9f924a8c2bee378dbefc063ec33ba8251b44,510074.576607,446302.227615,63772.348992,14.28,2.5,2023-05-04
0x545e6caac741cd335ab7934c374864e5dcfe7896,409534.678662,359071.772715,50462.905947,14.05,2.4,2023-06-04
0x74f9ee81388c35e4658d481de191765876407ca0,281333.621051,250004.692912,31328.928139,12.53,2.0,2023-10-17
0x3a4ae89c3ddbc3fb2cc008126069cdaccd9a104a,232552.108404,203378.999999,29173.108405,14.34,2.5,2023-04-28
0xf4b1f6c6ff293111e897412017efeda5dd72e5fd,230881.283891,203144.846663,27736.437228,13.65,2.2,2023-07-21
0xab6bbe1fc9b0ca95bf66f0b71df12a0b0ab08be8,123636.860255,108593.259444,15043.600811,13.85,2.3,2023-07-01
0x3255e9580e0390bb572a4b94c4592ca581c157d9,113533.881767,100728.771896,12805.109871,12.71,2.0,2023-10-02
0xf2e1a88af3d6cddd60b9c43cee53d655cba40b2c,63112.442343,55759.953943,7352.488400,13.18,2.2,2023-08-18
0x09a11f062b1c6f2820059f9e3f92fea0fb2a03dd,63078.420764,54984.082609,8094.338155,14.72,2.7,2023-02-22
0xe43840e77829b2df75959b7107d172060ab6bd87,56339.497341,50000.000000,6339.497341,12.67,2.0,2023-10-04
0xcd043f76e094a8ee1c88912171a3300f0c6e2c38,50061.659139,43937.761016,6123.898123,13.93,2.3,2023-06-21
0x3ce18f31dbe67e9f28632b3cb1739dffb061c3d7,33973.537489,29999.999999,3973.537490,13.24,2.2,2023-08-14
0xc30c8ea86de612f1886fad2ff75623f4d077ebad,22663.043504,20000.000000,2663.043504,13.31,2.2,2023-08-10
0xef1aec9815d609004b38e13c639cc97e7a689f62,11744.421376,10296.477165,1447.944211,14.06,2.4,2023-06-03
0xbd64fdd80451ebf63907c84fa1451e1e7922471f,11287.438888,9999.999999,1287.438889,12.87,2.1,2023-09-19
0x19dba4d53c95f7b27b3557c7b581a462c1925570,8770.973042,7706.896744,1064.076298,13.80,2.3,2023-07-07
0x4f57e0d5b5bbe388cdadf62de0bf95912035d797,6990.389892,6134.303166,856.086726,13.95,2.3,2023-06-18
0x82dcd799ad56189e8b737a97e4c10211dc127cfc,6765.029351,6000.000000,765.029351,12.75,2.1,2023-09-29
0x2a5f7ead4f8cea2db5695e568e597af2e470d3c5,6621.314241,5823.186270,798.127971,13.70,2.3,2023-07-16
0x62138035b5946938894d2fbd635fe02796d788f1,5741.322893,5000.000000,741.322893,14.82,2.6,2023-03-27
0xf9e4ba0fa70a222564f5b6fbdb9fb79a3d389b49,5672.201601,5000.000000,672.201601,13.44,2.2,2023-08-03
0x2b3d7382e3ee91a42ac6e2c45c8fbce6c5639310,3560.531330,3161.124300,399.407030,12.63,2.0,2023-10-08
0x018f4b918a24de93be4e5ffccca4e895fe7a9167,3467.957396,3020.980338,446.977058,14.79,2.7,2023-02-08
0x2a0777d571641e00bf79170ffc7ecba8fdea1791,3452.005407,3012.730333,439.275074,14.58,2.6,2023-03-21
0x19ba1abe64245f0a9eb12b9efcc94167f9a05064,2264.284494,2000.000000,264.284494,13.21,2.2,2023-08-15
0xdd3c59ed8831533c8e4e4746ec51eba1292bd83f,1774.437493,1568.159456,206.278037,13.15,2.2,2023-08-21
0x49f698532fcda7cf7db1293661ef4b6131630cab,1685.514018,1470.677818,214.836200,14.60,2.6,2023-03-14
0xfb0018ad46c669b6a4c0e589c53db27daf7f7930,1583.792731,1402.977475,180.815256,12.88,2.1,2023-09-18
0xc01f4a647be2c1aeee3b5cd61a9832e6942e17f7,1524.374271,1352.930370,171.443901,12.67,2.0,2023-10-05
0xaac783ca8647ff719075a82ccf08cfbe0c6b293f,1508.858621,1332.970869,175.887752,13.19,2.2,2023-08-17
0x13a6b2457b3c3017b0be70c3028170d6a7f918b2,1417.952404,1259.145739,158.806665,12.61,2.0,2023-10-10
0x99b419a9600849f5d8658342932434484c71155e,1206.117543,1049.999999,156.117544,14.86,2.7,2023-01-27
0x6e1d9ac48f065dd02997e5da3f0e2dfd9687cb9f,1139.739291,999.999999,139.739292,13.97,2.3,2023-06-16
0x29b482446dd1b84b356cb65916d2695992f7bea4,1139.481416,1000.000000,139.481416,13.94,2.3,2023-06-19
0x8f4fc35cf5ad925bcc1cae81e5da62fca1c2dd2a,1128.697462,999.999999,128.697463,12.86,2.1,2023-09-19
0xee36eecead5b726444cf389e9e164704dd023342,1126.015355,1000.000000,126.015355,12.60,2.0,2023-10-11
0xf4c20bfa7f5c40343526817d1342f9cf809a2bbb,918.864454,800.000000,118.864454,14.85,2.7,2023-01-28
0x20a9b6c5bc48c560ca229adfa5b8da74479d6fc9,823.371075,727.937426,95.433649,13.11,2.1,2023-08-27
0x6541e84af0b25f3e084e9ed17d8f255a12d125d3,577.471383,502.805106,74.666277,14.84,2.7,2023-01-30
0x99343fd7a95507e500aa46a336a0938f54b862c9,572.444763,499.999999,72.444764,14.48,2.5,2023-04-08
0xf6c0aca8371303e405b4626329b884d4dc42c6b9,558.871817,489.950000,68.921817,14.06,2.4,2023-06-02
0xc774d3c954128d22483edd3f6ee43b8ae551be99,556.867019,492.000000,64.867019,13.18,2.2,2023-08-18
0xd82805a744ae805d189fd15a5c0691bd924b3c48,509.402594,449.999999,59.402595,13.20,2.2,2023-08-16
0xddafea727dffb5e1260b225a486cbfc249daa61e,456.166373,399.999999,56.166374,14.04,2.4,2023-06-05
0x5a15ee20d9e73b67a1a60e486dde7282a9d5794d,423.716789,370.000868,53.715921,14.51,2.5,2023-04-02
0x09f879d57ad46d925f9ccb98d78ddbe3b6fb8af1,399.670324,348.870497,50.799827,14.56,2.6,2023-03-24
0xf56c3977d86ef6942c9958dd5bc256b98ec6605e,396.759546,350.000000,46.759546,13.35,2.2,2023-08-07
0x411a785cf4fde480381128120138349f63864ea2,389.683194,340.000029,49.683165,14.61,2.6,2023-03-13
0x76a07dde6b539e53e8ec62240da3cbfe8637c09d,349.072994,304.099753,44.973241,14.78,2.7,2023-02-10
0xf7f7d1f8fb81c339e2cfa1a80f9a1bc0f1726c38,342.162457,299.999999,42.162458,14.05,2.4,2023-06-04
0xeb6412b568f918258dd3a4fc81092eea5dee42a3,314.519117,273.851745,40.667372,14.85,2.7,2023-01-30
0xa5a0f91c9a57baab264566e41d8b7f34d9739db5,285.446658,250.000000,35.446658,14.17,2.4,2023-05-18
0xcd6b78b5d57d6e26e460063dba611714c4621e8c,282.028137,249.999999,32.028138,12.81,2.1,2023-09-24
0x69df295d9230bd270f78f45aecac076ae712bce0,229.714074,199.999999,29.714075,14.85,2.7,2023-01-28
0x5415550eaa559b376028a15a208bd7fc76099177,227.544940,200.000000,27.544940,13.77,2.3,2023-07-11
0xcb4dfdeb104584524212265748fbee80dc515b99,213.428157,188.561188,24.866969,13.18,2.2,2023-08-17
0xd6ec6d7774707e0093bad563ec84531305d7e405,186.818953,164.769197,22.049756,13.38,2.2,2023-08-06
0x455d80a02411f8ff918d10b4e6fb23fa5c225267,172.636713,150.758497,21.878216,14.51,2.3,2023-07-07
0x07ef96ef838cb347ec94f5c1af23b3be7f44e925,171.786058,149.999999,21.786059,14.52,2.5,2023-04-01
0x762af0ad3224e027a2ae12139ab9b9b135dbbe5c,169.298476,148.490308,20.808168,14.01,2.4,2023-06-09
0x0cefe7d96642a6a9e2c7e34ec1e431e4206d3a93,160.802862,141.999999,18.802863,13.24,2.2,2023-08-14
0xd34c486699153f1bc3c3bdde3a16809d3d883f83,144.989656,127.000000,17.989656,14.16,2.4,2023-05-20
0x78ebcda5a906eb9328863a890397c93f8c840898,142.331908,126.435177,15.896731,12.57,2.0,2023-10-13
0xfb66ab927db785a47fd4e7c75091f838ff188010,137.152107,120.000000,17.152107,14.29,2.5,2023-05-04
0x7ba5c56ce3734059b466a294de0cd3b11fdb1ba1,131.290188,114.999999,16.290189,14.16,2.4,2023-05-20
0x40f81ded8928a5a9f9cfdb60645fa97b7b4dc96c,125.332728,110.662170,14.670558,13.25,2.2,2023-08-13
0x907d7f9ff79913c7def1851b29d6dbdfc640d347,121.042024,105.629300,15.412724,14.59,2.6,2023-03-18
0xcaaeae16dc4a7f2709fd5e57b6ccd36115833bc7,115.964325,101.000000,14.964325,14.81,2.7,2023-02-05
0x1f0c389cc25d1bab8e0818c4748a759de643a0d2,114.770540,99.999999,14.770541,14.77,2.7,2023-02-14
0x06fd5b44914dad223a4c035e394b9be7d6810e14,114.642463,99.999999,14.642464,14.64,2.6,2023-03-06
0x8cf271f533138cb1e58ee6f58745a144b2398a14,114.568092,99.999999,14.568093,14.56,2.6,2023-03-23
0x87348842cc77fd3db692e3946686fe6ef5f0a9f0,114.110500,99.999999,14.110501,14.11,2.4,2023-05-28
0xd771c8125a607bad5591aec2d2997537da77cc8f,113.565925,99.999999,13.565926,13.56,2.2,2023-07-30
0x9a4d1e7f367bc984f3bd2e4060b5108a6732bc8d,113.344664,100.000000,13.344664,13.34,2.2,2023-08-08
0xf77d1ab3e1db3352105cfa0838b8b800be3c5a38,113.197873,99.999999,13.197874,13.19,2.2,2023-08-16
0x34100194ea0024b5bb8805c859089c6ba8a8ce5c,113.193133,99.999999,13.193134,13.19,2.2,2023-08-17
0x27f3a27540a1d6d2398bdbd458d62403f481f7c6,112.977077,100.000000,12.977077,12.97,2.1,2023-09-09
0x8ca3a6d109ffcd308571032e4e1d678dd702baca,101.543517,89.500000,12.043517,13.45,2.2,2023-08-03
0x91bb44da7795501ee1cd4f092edb2642627669e1,96.318263,85.341460,10.976803,12.86,2.1,2023-09-20
0x22b6251935da74a69b63a52d993924904559b76a,91.762549,81.460637,10.301912,12.64,2.0,2023-10-07
0x4653af3b346293fe78af4ef3b5e2bacb3f440a3d,90.666523,79.008371,11.658152,14.75,2.7,2023-02-17
0x20acc1abb1f3451e54e216f1e8b10d6309a44f4e,80.141884,71.166975,8.974909,12.61,2.0,2023-10-10
0x1fefc14c14744dba7d8f1364e12d27bcd0193d87,68.623127,60.000000,8.623127,14.37,2.5,2023-04-25
0x7d48837336e39fbdb696740d59fe98cce74a0f88,68.622952,59.999999,8.622953,14.37,2.5,2023-04-25
0x501b65a25a44879d306b00cdee17d4505111769b,67.479233,58.999999,8.479234,14.37,2.5,2023-04-25
0x8b6c43d0e0ecf4fd8cf2cd4ea80edbfcde4d4854,65.191789,56.999999,8.191790,14.37,2.5,2023-04-25
0x3295093a0d55ecfa55d9f9d742d9f8f31e3d71b0,64.048259,55.999999,8.048260,14.37,2.5,2023-04-25
0x83423c25ef1fe63b87fc9c5872724289c42f3475,64.048232,55.999999,8.048233,14.37,2.5,2023-04-25
0x232db79d60a7a1ae0ad6f15fdef45adf43e79e45,64.048079,56.000000,8.048079,14.37,2.5,2023-04-25
0x9784cc273728abc20b9eef79f9c937b842a5dcdc,62.904522,55.000000,7.904522,14.37,2.5,2023-04-25
0x7e6cae8c80426ff9ba11472438aea0631999de3b,62.904502,54.999999,7.904503,14.37,2.5,2023-04-25
0x8a5c84d17d8eab45ef50eb6adfbc54c6c5962cb0,62.176324,54.252817,7.923507,14.60,2.6,2023-03-15
0x6fd410f0023011d9be7b72fbbf8358c4e424fb11,61.760842,54.000000,7.760842,14.37,2.5,2023-04-25
0x89e72136a7045f08fc0f256feb02bc5710a59678,60.617108,53.000000,7.617108,14.37,2.5,2023-04-25
0x59a32ac8f53787acf5ab1eab0cb56e8af6c77929,58.330503,51.000000,7.330503,14.37,2.5,2023-04-25
0x96f8b537c8339d3096db2807261989feda23c6cd,58.330497,50.999999,7.330498,14.37,2.5,2023-04-25
0x545b1f34a2f0678661126af468f10491cd7ebb93,57.330058,49.999999,7.330059,14.66,2.6,2023-03-03
0x5c43b1082ab7b9a316dfe177d811a09146a10c14,57.302144,50.009500,7.292644,14.58,2.6,2023-03-20
0xec3309ef0b47ae37f0feb53fe5e4216a38593db5,57.282446,49.999999,7.282447,14.56,2.6,2023-03-24
0xa5584af59f326b2b512760b24891a67246b2cbcf,57.185958,50.000000,7.185958,14.37,2.5,2023-04-25
0xf7e859712811668b91888a5e1a00c4726dd42e5c,57.068295,49.999999,7.068296,14.13,2.4,2023-05-24
0x2a8260703bc4b325a9a142ac9c098c7a3f3c405f,57.044505,49.999999,7.044506,14.08,2.4,2023-05-31
0xae6ef3bd6e9f12896f3b4e85f7e22cbbe1a0d46c,56.975112,50.000000,6.975112,13.95,2.3,2023-06-19
0x5355af7c7abb6d2554fbe275723d6c9a369014cd,56.659827,50.000000,6.659827,13.31,2.2,2023-08-09
0x438f973192aca21e31108fe5be4115164448ab35,55.856951,49.510913,6.346038,12.81,2.1,2023-09-23
0xd0e695e7587341ebffe6aeab2cb857a877e79623,55.361688,48.974185,6.387503,13.04,2.1,2023-09-02
0x7571546284d0de2a84cebe57d35d0b3c321ec1fb,53.076719,46.999999,6.076720,12.92,2.1,2023-09-13
0x37b808b70fb4afb7d37690b2020cb36becd2fc69,51.250573,45.000000,6.250573,13.89,2.3,2023-06-26
0x18cf1c55d895350b298afc48fd4a9275a1103d9d,45.996739,40.130953,5.865786,14.61,2.6,2023-03-11
0xe8853f8f5cf689e2feb1ca97c9f590051454d5e5,45.922048,39.999999,5.922049,14.80,2.7,2023-02-07
0xa2be8581ad2de1c7a0743580e9ab4f819fab6dfb,45.182415,40.000000,5.182415,12.95,2.1,2023-09-11
0x931812f853bc94ca98ac7c7a5e2f84e510d0d906,44.347247,38.959999,5.387248,13.82,2.3,2023-07-04
0xee4d718d256ce1ba25c2754613f520a2579a43ce,34.450626,30.432074,4.018552,13.20,2.2,2023-08-16
0xc773092a4521b482d8ab1e831daea899af877dfe,29.476118,26.181585,3.294533,12.58,2.0,2023-10-12
0xa75700ef86c8105129a787b0dbcb89545a078527,28.584529,25.000000,3.584529,14.33,2.5,2023-04-29
0x862607c672de1d6feba11c7a882783ce085eb636,28.551407,25.000000,3.551407,14.20,2.4,2023-05-15
0x48cb29b1a276e5e4bef3434608f0f53214f901ce,28.517256,24.999999,3.517257,14.06,2.4,2023-06-02
0x3e15cdc44b1169c22f980673a57278d7de94ca50,28.472164,24.981505,3.490659,13.97,2.3,2023-06-16
0x30a158dea3ff3bdb752629e12bfa9ba06242dfb5,28.278737,24.999999,3.278738,13.11,2.1,2023-08-26
0x48164457af234d3b5f9c99a02eb65079237cc861,28.269534,24.999999,3.269535,13.07,2.1,2023-08-29
0xa8e8affc55e6ab42ba4a3e19cb5a3c7adcf0407b,26.336253,23.027835,3.308418,14.36,2.5,2023-04-26
0x4318cc449b1cbe6d64dd82e16abe58c79e076c2b,23.661070,21.000000,2.661070,12.67,2.0,2023-10-05
0xfc78700591ac71c96102a4f9bd8fc97d663355cc,23.621468,20.789362,2.832106,13.62,2.2,2023-07-25
0xa124075cea14fc12c91c6130e31c446a74a3a36d,22.964195,20.001579,2.962616,14.81,2.7,2023-02-06
0x7b2854cd30f486d8eb3082d6cafdf54611c10aff,22.943917,20.000000,2.943917,14.71,2.7,2023-02-22
0x6140016efa08950917d3cc8afc8b2b9388f9f197,22.923976,20.000000,2.923976,14.61,2.6,2023-03-10
0x963535cc9f52c2f824481669a4c84b57b3f44a07,22.911958,19.999999,2.911959,14.55,2.6,2023-03-25
0x4d58d36e46cf9af14e416061fe5d0074780b4099,22.910987,19.999999,2.910988,14.55,2.6,2023-03-26
0x55cdce2cdb2c4fd12a640576c2c51f8268cbe455,22.836076,19.999999,2.836077,14.18,2.4,2023-05-18
0x07a1f6fc89223c5ebd4e4ddae89ac97629856a0f,22.739095,20.000000,2.739095,13.69,2.3,2023-07-17
0x53df409fe3802387a82dcc3c4b1ffb34cb60101a,22.701104,19.958675,2.742429,13.74,2.3,2023-07-13
0xe85c2b441b890a05850aa399163127078cf63603,22.686628,20.000000,2.686628,13.43,2.2,2023-08-03
0x4718ce007293bce1e514887e6f55ea71d9a992d6,22.555868,19.999999,2.555869,12.77,2.1,2023-09-27
0x86bb03aceb5f88a77a4736471d7ba207ce5783c0,19.651021,17.128738,2.522283,14.72,2.7,2023-02-22
0xb775510908e281a2bdfba6268d8fd807f1cea7d6,18.888748,16.472161,2.416587,14.67,2.6,2023-03-02
0xbc3e58a3bbd8a3268a6c9cc11f05a53c2e02625c,18.265025,15.999999,2.265026,14.15,2.4,2023-05-21
0x04c59ebae6e10be74491d1eedeb2d97dcf5f16fc,17.906172,15.776428,2.129744,13.49,2.2,2023-08-01
0xcaeb844ba48ee41bb1d1d7c2115c62557c9a0d77,17.869880,15.585022,2.284858,14.66,2.6,2023-03-03
0x02b8e359aef9a992d63638d36d9144e04f1f2dfb,17.182053,15.000660,2.181393,14.54,2.6,2023-03-28
0x72fb604d1b0b737f86b1d6b43265f09b76f29918,17.065271,15.000000,2.065271,13.76,2.3,2023-07-11
0xc032b174f998471604a3822c96b35ca9950968b7,16.078019,13.999999,2.078020,14.84,2.7,2023-01-31
0xca767ceaedb69927e2a7376e00000d26dbb94638,15.388815,13.575797,1.813018,13.35,2.2,2023-08-08
0x124c86b5912a66091408d3b75253873d04d355a2,13.781132,11.999999,1.781133,14.84,2.7,2023-01-31
0xa61a6a1166a760835a632776e9e61dd87bea0c1e,13.763832,12.000000,1.763832,14.69,2.6,2023-02-26
0x8c270f234cdcbd30d281799b584db3d0789e1317,13.750644,11.999999,1.750645,14.58,2.6,2023-03-19
0xb959d2340cb0fbf95fb60a8ed129285d0141dd48,12.001084,10.625497,1.375587,12.94,2.1,2023-09-12
0x0c2d527acbda36b29f1ae7d49f5e9027482fe1db,11.605581,10.295999,1.309582,12.71,2.0,2023-10-01
0x62576f03f657dbd4a578e61535e6326d2d2ab59b,11.485996,9.999999,1.485997,14.85,2.7,2023-01-27
0x921e0cac091c752c7203925121f27429dd8f8e90,11.484725,9.999999,1.484726,14.84,2.7,2023-01-30
0xc4f3ecdd81141339d89c8c1d6d936ed18fae59e8,11.484591,10.000000,1.484591,14.84,2.7,2023-01-30
0x6f46ff0e62d65edb4aa7bc353117b4a2db32ab34,11.484578,9.999999,1.484579,14.84,2.7,2023-01-30
0x02a6cb87a1f11406895ecf342c6c7d38cfef5cdf,11.483643,9.999999,1.483644,14.83,2.7,2023-02-01
0x45a982aee3c0334e1cb194766bdc1e57811a89c2,11.483332,9.998903,1.484429,14.84,2.7,2023-01-30
0x7ba7ccee548591d6a0041ff9311ac7d908a7ea1f,11.468875,9.999999,1.468876,14.68,2.6,2023-02-27
0x57c05986de3796e7804a11c17fe42da7f6b0674e,11.467943,10.000000,1.467943,14.67,2.6,2023-03-01
0xade77dc3a3903fe954c9ec9625f18e8d5b804c51,11.466080,10.000000,1.466080,14.66,2.6,2023-03-03
0x6ae65a7033a84bb36778fea6607a25a0d6c8ee50,11.465311,9.999999,1.465312,14.65,2.6,2023-03-05
0xc50d80ee9fa7b79276c8106f98009327c2d7a698,11.463515,9.999999,1.463516,14.63,2.6,2023-03-08
0x15d0ede3f9a095137210a92e5f5c0721c3b59bc8,11.463393,9.999999,1.463394,14.63,2.6,2023-03-08
0x11ac2de65f1e8e4886625340fa1fd6b49194fc16,11.461602,9.999999,1.461603,14.61,2.6,2023-03-11
0xf89531d7deb63dc98262d32278940de6aa418630,11.460473,10.000000,1.460473,14.60,2.6,2023-03-15
0xdbd435fb1baeaf143c472c3b66f3a60dfe5d76c4,11.459576,10.000000,1.459576,14.59,2.6,2023-03-17
0xf35267ff8b6cb96da2d568e249c5861b4f697c5f,11.459567,10.000000,1.459567,14.59,2.6,2023-03-17
0x1ddda66e0c2a9991c7cf482416b1bf19be753af8,11.455913,9.997721,1.458192,14.58,2.6,2023-03-20
0x3db5c2ab3766ca5461981c0247383c3b84d36ebb,11.451810,10.000000,1.451810,14.51,2.5,2023-04-02
0xf13854d8848895b86f6e24479c448b3703334f5d,11.450974,10.000000,1.450974,14.50,2.5,2023-04-04
0x64e8e7e9668953c8959dea2b1c875d8c2c9eefc2,11.399229,10.000000,1.399229,13.99,2.3,2023-06-13
0xcba4e020118dc1c04b2257d04af11ea7be7e8c0e,11.393836,10.000000,1.393836,13.93,2.3,2023-06-21
0x4f8b1f7f06e84132e576b57469af6bf0b8679852,11.388124,10.000000,1.388124,13.88,2.3,2023-06-27
0xe8bc44ae4ba6eddb88c8c087fd9b479dff729850,11.382329,9.996349,1.385980,13.86,2.3,2023-06-29
0x2373bf9349b12893ac1a286ee49da70454855819,11.359855,9.999999,1.359856,13.59,2.2,2023-07-27
0x2091d61c4c06158154dc63ed4a0774e45601610a,11.352512,9.999999,1.352513,13.52,2.2,2023-07-31
0x5e0679b7b4c32bffcde69b5fefea89e77564ffe1,11.351091,10.000000,1.351091,13.51,2.2,2023-08-01
0x667dd57c2c70718593c8d2ff08e76246cfb619db,11.342557,9.999999,1.342558,13.42,2.2,2023-08-04
0xbe0b76b51763cc11db89258d6f1b13a296d2b347,11.341914,9.999999,1.341915,13.41,2.2,2023-08-04
0xa15e55d40364180ecb8d40f492c44c9681f3a32b,11.335750,10.000000,1.335750,13.35,2.2,2023-08-08
0x7f1cbca546edc06218da082cb8c25cb319b1afba,11.324350,10.001441,1.322909,13.22,2.2,2023-08-15
0x3a0eda248dce35eb6f75a59e80427637f84edb79,11.324041,9.999999,1.324042,13.24,2.2,2023-08-14
0x04333a1788a47068b9102d2d35695c312a0b312f,11.318272,9.999999,1.318273,13.18,2.2,2023-08-18
0xe3597bdd95ff6d53852888800953430e716d79cf,11.312997,9.999999,1.312998,13.12,2.1,2023-08-24
0x65a18ddba49d1f6a54f77f15ee6c0f81babfd786,11.304259,9.999999,1.304260,13.04,2.1,2023-09-02
0xa3dda2a27b74a4c947c1742a77132b073468cb60,11.300569,10.000000,1.300569,13.00,2.1,2023-09-06
0xb7287666b9befd95b0b0d61ac16fd001a397fa0c,11.299149,9.999485,1.299664,12.99,2.1,2023-09-07
0x93a8027faf756577195955481a5452655030c74d,11.277633,9.999999,1.277634,12.77,2.1,2023-09-27
0xcf7c546fdfbcc8b52b2a09286462b25bed79231b,11.269127,10.000000,1.269127,12.69,2.0,2023-10-03
0xe925f87d0c4c3882e1b8a42dc6530adae8759c24,11.252590,10.000000,1.252590,12.52,2.0,2023-10-17
0x7ba98ca30eedcf01b862f6dad5884f7ddea52ac9,11.204441,9.763695,1.440746,14.75,2.7,2023-02-17
0xb11e0d669b7edd2e1747ec2c96b71916a65714bb,10.252530,9.050633,1.201897,13.27,2.2,2023-08-12
0x1efca80bae2f3d3e520853a3ff2eef6f80f09d61,10.228416,9.000000,1.228416,13.64,2.2,2023-07-22
0xaab3e9a398ec2d5d83f902b0333ed2e920de8a7b,10.204161,8.999999,1.204162,13.37,2.2,2023-08-07
0xb8543e19b2d8428182aff43bfd2e945e5f41a19a,10.143595,8.999999,1.143596,12.70,2.0,2023-10-02
0x05c241033390787b27d8924592973214de2911c2,10.039318,8.807371,1.231947,13.98,2.3,2023-06-13
0x355784934ef5616e6025c8dbdf84d6943217177f,9.164231,8.007749,1.156482,14.44,2.5,2023-04-15
0xded7d0b36cb003e2dd9f481d2feeac533caacabb,8.039827,7.000000,1.039827,14.85,2.7,2023-01-28
0xfec1c61c73d1145ca3d268a25d229c138279da68,7.913878,7.000000,0.913878,13.05,2.1,2023-09-01
0xf3ba5b880f3c4bc5c55cf069cc2ecd7c81e94a05,6.102773,5.399685,0.703088,13.02,2.1,2023-09-05
0x9c57247136f873e7fe0120cbae911458c57ce224,5.820197,5.100000,0.720197,14.12,2.4,2023-05-26
0x6c86d5ce933ee2c2e634ec1fd15e23d407428844,5.742599,5.000000,0.742599,14.85,2.7,2023-01-29
0x5bef45489a03462d199612c5cd992f114f398ea8,5.740199,4.999999,0.740200,14.80,2.7,2023-02-07
0x3a392144ddc617d69ca8df3781e551ba4825cd02,5.731287,4.999999,0.731288,14.62,2.6,2023-03-09
0xf05d7aeb27b8264ee59232756c5eb3fbecca0ebc,5.730692,5.000000,0.730692,14.61,2.6,2023-03-12
0xae70fe2d8d4d0e4e956c9858e9450e851e4ebc1b,5.729470,5.000000,0.729470,14.58,2.6,2023-03-19
0x726710ae5e58e84514a46772480450b5934f2f50,5.728189,4.999999,0.728190,14.56,2.6,2023-03-24
0x0b22872a35af7177357ca16d3bce04a618544f5c,5.727672,4.999999,0.727673,14.55,2.6,2023-03-26
0x5dbc6208cc2ecb91943355486987ab89b6e7dc2a,5.723537,4.999999,0.723538,14.47,2.5,2023-04-11
0x8fdafb7b1d2baa1de793425f96d2839f742d6692,5.720715,5.000000,0.720715,14.41,2.5,2023-04-20
0xe7eb91cd8199ca42be09be53491f16857f27f189,5.692531,5.000000,0.692531,13.85,2.3,2023-07-01
0x959a90a6b88d19184ac7c46dfe43ff2968b12bd2,5.686169,5.001185,0.684984,13.69,2.3,2023-07-17
0xc55f15a6cab1d170ba8f7687c2974058e2ce9451,5.671400,5.000000,0.671400,13.42,2.2,2023-08-04
0x00d283ffcb70f7b9a1d844e54a1ade61e5443b6c,5.643627,4.999999,0.643628,12.87,2.1,2023-09-19
0x6d9ebc1f60dcb556b54f6477945ee0a12d5fe193,5.634995,5.000559,0.634436,12.68,2.0,2023-10-03
0x198546bb75a2c4e177c7ff03ec4b0de0b10f8d9f,4.642579,4.061386,0.581193,14.31,2.5,2023-05-02
0x925b9fbb5acbd1d89113cce8d7a8d901d1ca87f1,4.592417,3.999999,0.592418,14.81,2.7,2023-02-06
0x1bb168cafc4422cf67445d1eab6879a06fb1aff7,4.587455,4.000000,0.587455,14.68,2.6,2023-02-28
0x685452dc71c87b9dfb0bf99f1937665efe07046f,4.581636,3.999999,0.581637,14.54,2.6,2023-03-28
0xa90216c7d3cc4015d63287821ce30cae9d9adc9a,3.987727,3.478984,0.508743,14.62,2.6,2023-03-10
0xc2714a31819f621136eaa739964e4e8932460fec,3.579940,3.177363,0.402577,12.67,2.0,2023-10-05
0x9d2fa4575f2389c09379b81d376f4a1f88dedc43,3.444884,2.999999,0.444885,14.82,2.7,2023-02-02
0xde9329f9ef6210cabfbe7e5674c08fb475f9e2d9,3.434860,2.999999,0.434861,14.49,2.5,2023-04-06
0x42353a7fc70eab5c0017733813805313b7b10b8b,3.398140,2.999999,0.398141,13.27,2.2,2023-08-12
0x0bf1c4f52b0ca18da4a74b056b008d03ccc08676,3.381425,3.000000,0.381425,12.71,2.0,2023-10-02
0x90a85bcea4c2cacc6fbc5f6d06876c50d0b82ba3,2.997732,2.659366,0.338366,12.72,2.0,2023-10-01
0xf8a09bf413576a2e8b406dae09732aae29a1c8d4,2.941036,2.561081,0.379955,14.83,2.7,2023-02-01
0x15c216d380e6081ad973e733ad4cf512711830ef,2.869747,2.511758,0.357989,14.25,2.4,2023-05-09
0x209b2346598a7f7f0a8068aec2b76385ed98dab8,2.754561,2.400000,0.354561,14.77,2.7,2023-02-14
0xcf404e95bd25a2473ea55d4b88a13e34f32d020c,2.435403,2.141335,0.294068,13.73,2.3,2023-07-14
0x0d8c44854055f4becdfee63d2f6286548ace0c34,2.293807,2.000000,0.293807,14.69,2.6,2023-02-27
0x1876a2f935a86e6371e6e56e3fb3abcbb50125da,2.292613,2.000000,0.292613,14.63,2.6,2023-03-08
0x4bfd9b8bad0098930eba0048e74fef5972910c69,2.292548,2.000076,0.292472,14.62,2.6,2023-03-10
0xea7ffc3cbca3ac13fb14dbd5d030f0f73a77ff5c,2.290592,2.000000,0.290592,14.52,2.6,2023-03-31
0x69bc7d2682205b98a88536f9c3cad7a47b5afde7,2.280904,1.999999,0.280905,14.04,2.4,2023-06-05
0x8ea403f69219c66f1307d57ca63ec02124c02032,2.268422,1.999999,0.268423,13.42,2.2,2023-08-04
0xe4506f5fc49afd514d8f56552a7cfcf833ede5ef,2.262045,2.000000,0.262045,13.10,2.1,2023-08-28
0x462409cb494feb27dd98eb4be80d56db21587aab,2.259966,2.000000,0.259966,12.99,2.1,2023-09-07
0xf8de1e04e35d3059ed38a80c23a85884c3a12833,2.256946,1.999999,0.256947,12.84,2.1,2023-09-21
0xdf4f0ad809b9476fb90475f728af100def5e9678,2.256377,2.000000,0.256377,12.81,2.1,2023-09-23
0xc6ef1d17814a32e63723168db4b6c3a09bfdd8bf,2.254532,2.000000,0.254532,12.72,2.0,2023-10-01
0x73ae371f534256d69de644f0d0df2c6b1ec115cf,2.254274,2.000406,0.253868,12.69,2.0,2023-10-03
0x5c4159bb3eee31760c9f2d9a356e51d6ab4c6d47,2.142839,1.900000,0.242839,12.78,2.1,2023-09-26
0xa124bbb165e40c086bbd365520a7311756fae4b7,2.137026,1.866991,0.270035,14.46,2.5,2023-04-12
0x4fcdd8cbc0442ddcacbc75fe98645dfde5e6c96c,2.110488,1.859828,0.250660,13.47,2.2,2023-08-02
0x26aca891c0ae0428aa9a5fa8319beffe7c4c101c,2.095418,1.849413,0.246005,13.30,2.2,2023-08-11
0x758259c6cd83a2ac9a5b4a37d91dc6b615e797a2,2.083727,1.819086,0.264641,14.54,2.6,2023-03-27
0x8055d2e0cf5232779043a65e2467e782bc090d1f,1.827629,1.618411,0.209218,12.92,2.1,2023-09-14
0xa323d125ba4b4cd9f8684e9cde31813b01bca1ff,1.794490,1.590505,0.203985,12.82,2.1,2023-09-23
0xd4c0c627684003d72639b856bb62a937293e5c87,1.446868,1.261966,0.184902,14.65,2.6,2023-03-05
0x56f5c567e4887089ec75c8bdbedbe30cb3f1ca30,1.395594,1.224337,0.171257,13.98,2.3,2023-06-13
0xf2f94d2acd63f089e2d9e82bc8edb0fbd40a28fd,1.377261,1.200000,0.177261,14.77,2.7,2023-02-14
0x3d75b3f53903b8e528b95e0b21deddb31df37305,1.369754,1.199999,0.169755,14.14,2.4,2023-05-23
0xc39c8e7f820ac3b32283bccfe367870a290f9035,1.294773,1.130000,0.164773,14.58,2.6,2023-03-20
0x3222d0ab7626f4f9bc9f1070ce1de322b481bda5,1.192893,1.042506,0.150387,14.42,2.5,2023-04-18
0x75e617ace2e1025b2651d9902df9c94df4457a2a,1.181243,1.030000,0.151243,14.68,2.6,2023-02-28
0x6e33c520277952aa4950e548f18f4bf8b17c8867,1.159291,1.010000,0.149291,14.78,2.7,2023-02-12
0xce6b1bb435b55acd865923d5f92ca70796139be5,1.159286,1.010564,0.148722,14.71,2.6,2023-02-23
0x26196a40173683aca1565467c5d8dccff843b736,1.147985,0.999999,0.147986,14.79,2.7,2023-02-08
0x75347ffee016b15e4e3932ff09aa4dc1102e2acf,1.147927,1.000000,0.147927,14.79,2.7,2023-02-09
0x3d71c08d432710123eaf8fc7278431518366a335,1.147778,1.000000,0.147778,14.77,2.7,2023-02-13
0x2e339c5a9119262916e34333d0334224fed09d0f,1.147430,1.000000,0.147430,14.74,2.7,2023-02-19
0x78a4c006ac85ccf41d71b804c2a6e00a3793cb77,1.147105,0.999999,0.147106,14.71,2.6,2023-02-24
0x9023f1ed962416848bf844162903ef4624b27a4f,1.147023,1.000000,0.147023,14.70,2.6,2023-02-25
0x09165d195d9f50c82aac439840cc6198d69003de,1.147003,1.000000,0.147003,14.70,2.6,2023-02-25
0x62d51fa08b15411d9429133ae5f224abf3867729,1.146790,0.999999,0.146791,14.67,2.6,2023-03-01
0x1d2373b88864d673585d50cdad512452508396f9,1.146588,0.999999,0.146589,14.65,2.6,2023-03-04
0x886cf30e5f7c6f69ef1be1173a53a6dd04e76966,1.146395,0.999999,0.146396,14.63,2.6,2023-03-07
0xbb79893f1ffabc81364a1965676643f8fed01f99,1.146095,0.999999,0.146096,14.60,2.6,2023-03-14
0xe71da9853ea796706b21630e1c36a310e9ac5a5b,1.146023,0.999999,0.146024,14.60,2.6,2023-03-16
0x6133aa9719e229d1a769081aaf39f19ca9863311,1.145854,1.000000,0.145854,14.58,2.6,2023-03-20
0x92b52e6441a9e2e03d080e951249d93df222f855,1.145552,1.000000,0.145552,14.55,2.6,2023-03-26
0xc77704f8ff4b11a827d9ae0ef9a6df5271f7a956,1.145432,0.999999,0.145433,14.54,2.6,2023-03-28
0xc2570bb4b179183abf354d472af4a172755e31e5,1.145393,0.999999,0.145394,14.53,2.6,2023-03-29
0x0e0668ef2a7a2c40c22ceb966ad92b9123c7a4eb,1.145381,1.000000,0.145381,14.53,2.6,2023-03-29
0x7976801d47982d72697998c75aa878b737151ed7,1.145292,0.999999,0.145293,14.52,2.6,2023-03-31
0x9f35e8879c85e1e9ecf38ca02da1bc663bde58a7,1.144673,1.000000,0.144673,14.46,2.5,2023-04-11
0x723aadf9329a770c8a77f205eaacc879b6e83f55,1.144639,0.999999,0.144640,14.46,2.5,2023-04-12
0x29ce98de0959735b95e2720dfe67c8ffd0e54d73,1.142996,0.999999,0.142997,14.29,2.5,2023-05-03
0x1bd9582f085b2f4575ffd53dd5c9ea328a677191,1.142515,0.999999,0.142516,14.25,2.4,2023-05-09
0x52373318113a6a0b43377adb0b9d6c55f0fc192d,1.142052,1.000000,0.142052,14.20,2.4,2023-05-15
0xa26ae55d6da6d82ab9e79f910820c2555a50d4ad,1.141661,0.999999,0.141662,14.16,2.4,2023-05-20
0x7cc67bcdef3120333c5c084afb54e532d4cfcde4,1.141602,0.999999,0.141603,14.16,2.4,2023-05-21
0xabd263d64781a01fe3d9b17f12fc95f6fccb2943,1.141525,1.000000,0.141525,14.15,2.4,2023-05-22
0x6b052bb4f5e54dee68cf96530d67c9b54283ace8,1.141412,0.999999,0.141413,14.14,2.4,2023-05-23
0x358506b4c5c441873ade429c5a2be777578e2c6f,1.141384,0.999999,0.141385,14.13,2.4,2023-05-24
0xc0d3a8d939d8653f0fd8fe7a0646dd3884293466,1.141080,0.999999,0.141081,14.10,2.4,2023-05-28
0x0b0f9f02d9aef778433dea88c4bec341d6c86834,1.140389,1.000000,0.140389,14.03,2.4,2023-06-06
0x78eadf900c1a2d157edf4f34737f3caed5d5dec4,1.140372,1.000000,0.140372,14.03,2.4,2023-06-06
0x66e655f74887e50d2ffca66bdb48e1815d41e7ef,1.140037,1.000000,0.140037,14.00,2.4,2023-06-11
0x0be6dd8f1aa0c6f4c8d28cf852f53552c6e24c86,1.139883,0.999999,0.139884,13.98,2.3,2023-06-13
0x03c2bfd2509de9b13d0124015077e100a292336d,1.139802,1.000000,0.139802,13.98,2.3,2023-06-15
0xb0ba26dedc9c1ddae319de606c3b1279e26be57e,1.139564,0.999999,0.139565,13.95,2.3,2023-06-18
0xe66e1e9e37e4e148b21eb22001431818e980d060,1.139474,0.999999,0.139475,13.94,2.3,2023-06-19
0x735b193ff617e3553af2b63291cb965e0348cd3c,1.137779,0.999999,0.137780,13.77,2.3,2023-07-10
0x4ed1a8a3d2da11bbd5d6e1df85ae2406dfe2abcd,1.137523,1.000000,0.137523,13.75,2.3,2023-07-13
0x0817e382a40d484a8b90c792b399667174e50ab8,1.137361,0.999999,0.137362,13.73,2.3,2023-07-14
0x4962b92233d45be82ee0544e09fecda7e69908c7,1.136504,0.999999,0.136505,13.65,2.2,2023-07-21
0xfb057834e97b303af1d05f034ee749fc2b1580d1,1.136055,0.999999,0.136056,13.60,2.2,2023-07-27
0xe17e14808220204514a3da9380cb86a510b83254,1.135259,1.000000,0.135259,13.52,2.2,2023-07-31
0xa3deb012dca06b12a7e9ae06738fccb4d39a6324,1.134521,1.000000,0.134521,13.45,2.2,2023-08-03
0xd1de5aea45c1cd5dcc6b23b3d416d1d557dcd837,1.132980,0.999999,0.132981,13.29,2.2,2023-08-11
0x21b1bd2f4d98f4f671be689d0c7412228a7679f8,1.132274,0.996906,0.135368,13.57,2.2,2023-07-30
0xf5d5d3c0fbd4ab1d2154c15d48af8edcfa3d1762,1.132229,1.000000,0.132229,13.22,2.2,2023-08-15
0x98b71f1c4469dcb5d4519ca1ea253c5220b48c11,1.131437,1.000000,0.131437,13.14,2.2,2023-08-23
0x06a05d6d264b716562573a03f6e2a79ea725197a,1.130451,1.000000,0.130451,13.04,2.1,2023-09-02
0xb662dc76751f628c66ec8c3911792119b6d491d4,1.130434,1.000000,0.130434,13.04,2.1,2023-09-02
0x0e8a9d56ced084a70926a7b5c1c48eacc441e138,1.130285,0.999999,0.130286,13.02,2.1,2023-09-04
0x0b708c4596716e2d9d1a65f2e608fee3b587e09a,1.129731,1.000000,0.129731,12.97,2.1,2023-09-09
0xf60a5daa25c16ab7d9d34ac23ec5006eb179c739,1.129154,1.000000,0.129154,12.91,2.1,2023-09-15
0x726305050999f33fa3c8e20611cbdacbbfafbd38,1.128843,1.002766,0.126077,12.57,2.0,2023-10-13
0x292d7b4dfe1114444be1e2250e5174487fcd9b5f,1.127074,1.000000,0.127074,12.70,2.0,2023-10-02
0xbee81ead08a2dc61d07fb5eda71915e099052ec2,1.126179,0.999999,0.126180,12.61,2.0,2023-10-10
0x24ef89092ddcae34199774ac4e3ec6f36d9fbe4c,1.125721,0.999999,0.125722,12.57,2.0,2023-10-13
0x7d6bcc72533122105a5f5131a5e99cc998208ff8,1.125321,0.999999,0.125322,12.53,2.0,2023-10-17
0x4aa92b19b50b1b27daa72a6f9f463f582babad82,1.125276,0.999999,0.125277,12.52,2.0,2023-10-17
0xc5c758ca460ca1485ff199bef353d0ec5c483867,1.124045,0.980068,0.143977,14.69,2.6,2023-03-11
0x4fb77f993102c36734b829152f97c146400eab9e,1.091149,0.950000,0.141149,14.85,2.7,2023-01-28
0x86a39f53c529b70787a1d5135a1d735b89f268f2,0.845169,0.750443,0.094726,12.62,2.0,2023-10-09
0x8b100a07903a36587df5b333cf65120e82c9eeb5,0.830428,0.724756,0.105672,14.58,2.6,2023-03-21
0x87dab6a94ae81bd0375338010e3c66e3ae443c96,0.723799,0.631367,0.092432,14.63,2.6,2023-03-07
0x233678715ab644073512c513d00a0f0b922c2074,0.703288,0.620096,0.083192,13.41,2.2,2023-08-04
0xecddd6b3761bb1682cf183127e8881a437152e52,0.677240,0.599999,0.077241,12.87,2.1,2023-09-19
0x97cd05ee9f47c6aba029c5ed4fbce8ce817586e3,0.623770,0.554000,0.069770,12.59,2.0,2023-10-12
0x780701198a234052292f1f7c03aa4787be39e740,0.614789,0.536561,0.078228,14.57,2.6,2023-03-21
0x6dc75ab02d614ac94537f774c1dad8c8f6d0f6b0,0.573883,0.499999,0.073884,14.77,2.7,2023-02-13
0x71add64adbb965bafd01437295968502eb61145e,0.572745,0.499999,0.072746,14.54,2.6,2023-03-27
0x07d1a589447395fe78bca3627cb82f7c3310f598,0.572230,0.499999,0.072231,14.44,2.5,2023-04-15
0xf637978800670ba2a978501d86f73442e108f946,0.570832,0.499999,0.070833,14.16,2.4,2023-05-20
0x942a099a6791359370751904a70c4e3fb0562bdd,0.570798,0.499999,0.070799,14.15,2.4,2023-05-21
0x1a23f6501c733e1017de6bf889216b73f2e609fb,0.570788,0.500000,0.070788,14.15,2.4,2023-05-21
0x435fe0a68feb35dfdbaabf3845c09f9a482564a2,0.570717,0.499999,0.070718,14.14,2.4,2023-05-23
0xb41e31a4ddc1c3ed12ee1ade86f01ff1e3f9fb27,0.570561,0.500000,0.070561,14.11,2.4,2023-05-28
0x3db928d0714be72102b1c1446818257c3036c704,0.570429,0.500000,0.070429,14.08,2.4,2023-05-31
0xdfd77a848618b3428c79790b5222b85c2adfcfe5,0.570021,0.500000,0.070021,14.00,2.4,2023-06-10
0x2225e8a95fbf7cd32b9b9ac3d87fa88c6957cb6f,0.569921,0.499999,0.069922,13.98,2.3,2023-06-14
0x6104a3a414a49ad7fd362a50e38abbd4ef0dd877,0.563850,0.499999,0.063851,12.77,2.1,2023-09-28
0x78fde30585153202002431490a5765094702c0ff,0.563815,0.491837,0.071978,14.63,2.6,2023-03-08
0xa67144634230577b94d1545ca115f605ac800e21,0.502034,0.439999,0.062035,14.09,2.4,2023-05-30
0xbbc64b125d9582ac40850f81016eedabdf69ac02,0.456639,0.399999,0.056640,14.16,2.4,2023-05-21
0x80bb6faa87b9ae4f5f6e192eb497400b859c4f15,0.386741,0.337300,0.049441,14.65,2.6,2023-03-04
0xaafb55532b94cf47b5ffabddd5aeae3e5197a521,0.378375,0.329999,0.048376,14.65,2.6,2023-03-04
0xee119ab8ca22f2b9b3e7f508739f3ae68c838a94,0.358259,0.313957,0.044302,14.11,2.4,2023-05-28
0x58e2eb90a3c7c202e8a35981fd2b89db76d3cf20,0.344100,0.300000,0.044100,14.70,2.6,2023-02-25
0x2dbb7eaf854059c9fc0484b96d6f2567dc5f3e15,0.343721,0.299999,0.043722,14.57,2.6,2023-03-22
0xc019e26b8c3bcc89c060110e079b463cf105dca9,0.343572,0.300000,0.043572,14.52,2.5,2023-04-01
0xd49591f0e9e8fc90856ea791b5f5cdf5edc78883,0.342459,0.299999,0.042460,14.15,2.4,2023-05-22
0x7395987b2853e625bd12b43aee453106089dad6c,0.342336,0.300000,0.042336,14.11,2.4,2023-05-28
0x234980496c21e6d618a3b44113b61bb4b39096ff,0.339841,0.299999,0.039842,13.28,2.2,2023-08-12
0x1da5735648d5c6f8a0c164bd2d18ef13699a8e99,0.339060,0.300000,0.039060,13.02,2.1,2023-09-05
0x37f5e5aabc23e9891c33bf128d6d2e0557225997,0.338828,0.300000,0.038828,12.94,2.1,2023-09-12
0xd4083f91d0ac928961c009547f76340bba56b40f,0.338730,0.299999,0.038731,12.91,2.1,2023-09-15
0x832157bac5e083bec9f78cf211960615c8e1a4b7,0.338476,0.300000,0.038476,12.82,2.1,2023-09-23
0x76fb10ad41f27198904ca26118c9614095528538,0.287108,0.250000,0.037108,14.84,2.7,2023-01-31
0xc7d5b575c6095104ab81d0aef81a2a2255ea325b,0.287082,0.249999,0.037083,14.83,2.7,2023-02-02
0x6398a5c3d1efcb1b8a09150aacb127df5dc66b94,0.287020,0.249999,0.037021,14.80,2.7,2023-02-06
0xb907c68f78fcdb082e60a167dc4190198121c94b,0.286968,0.249999,0.036969,14.78,2.7,2023-02-10
0xbb4d8ad59073bbbd65cbe557c6d6bbf7b1d2fc22,0.286711,0.250000,0.036711,14.68,2.6,2023-02-28
0x41fd941bb20990b5bec8cb424f19397254707981,0.284449,0.249999,0.034450,13.78,2.3,2023-07-10
0x82073f802547feeec0fd49719a3d7697fb66076a,0.284278,0.250000,0.034278,13.71,2.3,2023-07-15
0xbb9ad3062c536c70217a3933af33987730c52602,0.256460,0.227563,0.028897,12.69,2.0,2023-10-03
0xd6fcb082dfe4f602b38d950e479970c9fee571be,0.250054,0.218167,0.031887,14.61,2.6,2023-03-11
0x30c1bd908e3f1ebb8b94eae008a686b87525b93e,0.240556,0.210000,0.030556,14.55,2.6,2023-03-26
0xd920b68db744cbdf5bc8f63b6b2bd560292aab5d,0.239746,0.209999,0.029747,14.16,2.4,2023-05-20
0x1abb0eccaed5e87914ac8f412e19d1f86963c823,0.239463,0.210000,0.029463,14.03,2.4,2023-06-07
0x7df220262a4c9ca1fa9b7224bc6f7f4572a892cc,0.239346,0.210000,0.029346,13.97,2.3,2023-06-16
0x55826f7459236341ee817f0478ee7832cd6f2e7f,0.239230,0.210000,0.029230,13.91,2.3,2023-06-23
0x4904f7af4824cfd9bcfbaddbe16f0e7a5b090ec0,0.237942,0.210525,0.027417,13.02,2.1,2023-09-04
0xf337b14da207429eef360164c150ed1773f2a386,0.229665,0.199999,0.029666,14.83,2.7,2023-02-02
0x683537e4d326c5dfaaaa6ef9dd9cf85ebb04971d,0.229485,0.199999,0.029486,14.74,2.7,2023-02-19
0xc9bb7204aea2dadd450fff02e63bbcdec67f3dcc,0.229178,0.199999,0.029179,14.58,2.6,2023-03-19
0x4a98c5763fd1cf17be983d093b55549e77b27d68,0.229045,0.199999,0.029046,14.52,2.5,2023-04-01
0xb7985a153ff4c8fc197b859f6f7979b126aaa315,0.228229,0.199999,0.028230,14.11,2.4,2023-05-27
0x6c2cc8ea2b54e6a4807502f3a98a839184fea6bb,0.228144,0.199999,0.028145,14.07,2.4,2023-06-02
0xf1afd190f76e415b4716c899ecffc4b80020b788,0.228073,0.200000,0.028073,14.03,2.4,2023-06-06
0xadc77f672ccf91c722534758564a39dd0f6a80d8,0.227889,0.200000,0.027889,13.94,2.3,2023-06-20
0xb9cf71aad861e7226ef2c07fcd2feed6d0f9a643,0.227780,0.199999,0.027781,13.89,2.3,2023-06-26
0x470d235ca1caff614abee02d98ac3aa89a6758bd,0.227677,0.199999,0.027678,13.83,2.3,2023-07-03
0x5dc506e8bf8cdd0ab6fab477443be1032a1a8539,0.227429,0.199999,0.027430,13.71,2.3,2023-07-15
0x4be120d6b1e2e102b42e9b995f91753f6577513a,0.225791,0.199999,0.025792,12.89,2.1,2023-09-17
0x611fa2cd83b61840f4a7229566bf988adfefbfb7,0.225785,0.199999,0.025786,12.89,2.1,2023-09-17
0xbcf05d19c85aa177a58ece89169fd241700f7d1c,0.172114,0.149999,0.022115,14.74,2.7,2023-02-19
0x305938c5c6abb6440f1402cc7488b56fed153c0e,0.170123,0.149999,0.020124,13.41,2.2,2023-08-04
0x5f153a7d31b315167fe41da83acba1ca7f86e91d,0.148343,0.129521,0.018822,14.53,2.6,2023-03-30
0x35ade8a6d14ec4b4e074179fadccc6ffe6ec7e1d,0.137635,0.119999,0.017636,14.69,2.6,2023-02-26
0x139574b23f907867d9661510b64b2ea27d202af8,0.125985,0.110000,0.015985,14.53,2.6,2023-03-30
0x3421fbacd45c4df3f08ef88a77343db47f130808,0.125981,0.109999,0.015982,14.52,2.6,2023-03-31
0x98b267c74728e49fd14bdeedd7e08f6c610be38a,0.114862,0.100000,0.014862,14.86,2.7,2023-01-27
0x9f6c6910a8b1199251a9e213a50a8ba3dfa8d7be,0.114793,0.099999,0.014794,14.79,2.7,2023-02-09
0x855f1de4e143d90c10e317b65d61e355520e66a1,0.114792,0.100000,0.014792,14.79,2.7,2023-02-09
0x23143909394581265d9866befbbd520645925792,0.114760,0.100000,0.014760,14.76,2.7,2023-02-16
0xefb1b61dac569ac6e8a7b860967978976db4561d,0.114743,0.100000,0.014743,14.74,2.7,2023-02-19
0xb6e9b43e89278c4c812f4a20f8c531fadb636808,0.114697,0.100000,0.014697,14.69,2.6,2023-02-26
0xbd7dbb5886786af713ebb1841323c528699bd92d,0.114614,0.099999,0.014615,14.61,2.6,2023-03-12
0x77619d9d3b26aad2a8bd897985ff7f513169d5d1,0.114580,0.099999,0.014581,14.58,2.6,2023-03-21
0x3be4d16e39903e13fbcecef3c2f734b779867b47,0.114554,0.100000,0.014554,14.55,2.6,2023-03-26
0xa7a9e6137d2582fc8bddad6a6daeb8fb985396f2,0.114532,0.099999,0.014533,14.53,2.6,2023-03-30
0x13b91b3ff58886ace7637e547c53bbc2936d803f,0.114150,0.099999,0.014151,14.15,2.4,2023-05-22
0x9bd48e08e3444b30113812acd52458b35c33803a,0.114111,0.099999,0.014112,14.11,2.4,2023-05-28
0x35e3a5f9a59a441f5b87416ed68eb99753e59171,0.114044,0.100000,0.014044,14.04,2.4,2023-06-05
0x2dd3a97aee2c998ac123ff0f71773b7c5f02ca71,0.113927,0.100000,0.013927,13.92,2.3,2023-06-22
0xb20bf800d0e7411c590a167b9250394c7004a131,0.113846,0.099999,0.013847,13.84,2.3,2023-07-02
0x12cb6f5eb0d90f8978deb060c46539e8b8725509,0.112902,0.100000,0.012902,12.90,2.1,2023-09-16
0xb4d391d0cf3eef9e2cb0b940ba04b63c27c041f9,0.112892,0.099999,0.012893,12.89,2.1,2023-09-17
0xfd1bd701afb8da8b0347fd6f9af61fc899890935,0.112883,0.100000,0.012883,12.88,2.1,2023-09-18
0x8abded5ac7918dcc2718783e415e6d2ac4515b05,0.100490,0.088056,0.012434,14.12,2.4,2023-05-27
0xf489bd7bc0589ae10c6dd7f39eb429f3aace746e,0.096608,0.084394,0.012214,14.47,2.5,2023-04-10
0xea697f6adf57219cc61266aadcb9b726d49c012b,0.096410,0.084654,0.011756,13.88,2.1,2023-08-28
0x9999990bc03c67e331c92fd9275f8dbf2354c723,0.091747,0.079999,0.011748,14.68,2.6,2023-02-28
0x0e48387efa5b6e12d97585c53a4324f01c989d5a,0.090117,0.079999,0.010118,12.64,2.0,2023-10-07
0x5df431ee1c819e54e1b8a1e46268556c0a7b0bae,0.090049,0.079128,0.010921,13.80,2.3,2023-07-07
0x6cf8a6c6115cdbbf61045bd8a5416190b6a12b97,0.079480,0.069772,0.009708,13.91,2.3,2023-06-23
0x9e3eaed4961fb5cdf20682b148cb0c918a60f6fb,0.076510,0.066737,0.009773,14.64,2.6,2023-03-06
0x568161f734abf64d5654c79ebeaf2548206efd12,0.057263,0.050000,0.007263,14.52,2.5,2023-04-01
0x486063e323251ec48e8d11b756d0dfb7a7b5f308,0.057011,0.050000,0.007011,14.02,2.4,2023-06-08
0x33898903c17b2b4cf37782535691baebc744e590,0.034366,0.030000,0.004366,14.55,2.6,2023-03-26
0xb5736b9ed66697d405ebafcac5edff03ccb0fdb9,0.034137,0.029909,0.004228,14.13,2.4,2023-05-24
0x7e95da20083bcb74fecec9c77966c7d376b5a0d0,0.032707,0.028807,0.003900,13.53,2.2,2023-07-31
0xaee06bb17cb26800a613c8f80009e856332dd531,0.022935,0.020000,0.002935,14.67,2.6,2023-03-01
0xb19c0c3334c18c8e5e779defcabbfabca73905f4,0.022932,0.019999,0.002933,14.66,2.6,2023-03-03
0xc864c34b7313e55bc832b857d8de55ff0f0d0b28,0.022441,0.019625,0.002816,14.34,2.5,2023-04-27
0xdd7efb05649ca2d7ea7851a0291d442be8d9a2eb,0.019388,0.017000,0.002388,14.04,2.4,2023-06-05
0x3f119cef08480751c47a6f59af1ad2f90b319d44,0.017597,0.015453,0.002144,13.87,2.3,2023-06-28
0xaad244d484c5e39f512186c92c0a87752e91cd69,0.017107,0.015000,0.002107,14.04,2.4,2023-06-05
0x5ddfb9c2b7d74ba82eead64b9143e32ceba1d075,0.014460,0.012831,0.001629,12.69,2.0,2023-10-03
0xa323c97d71aa765f44c9570b4cd1a4eb79d23a6b,0.012723,0.011156,0.001567,14.04,2.4,2023-06-04
0x1fb43782c593121589a862876d74c0f01a71349e,0.012382,0.010998,0.001384,12.58,2.0,2023-10-12
0x4df97f293c01a2327690653e4b685cbae6627840,0.011485,0.010000,0.001485,14.85,2.7,2023-01-29
0xcd90f56239d3a90d84e59669e076bffdf9582053,0.011474,0.009999,0.001475,14.75,2.7,2023-02-19
0x737a2059e67d660371f80e98bb505fb33435d40b,0.011470,0.010000,0.001470,14.70,2.6,2023-02-25
0xba964b96bd04a4b747d79197b428a99fe56d6d6f,0.011453,0.010000,0.001453,14.53,2.6,2023-03-30
0x26fdc242eccc144971e558ff458a4ec21b75d4e8,0.011446,0.009999,0.001447,14.47,2.5,2023-04-11
0x921f15bb887c4636b05aa88a1faad71efe8c5942,0.011415,0.009999,0.001416,14.16,2.4,2023-05-21
0xbe836bf050418a7f3cbf54284d49daca491fe3a3,0.011407,0.010000,0.001407,14.07,2.4,2023-06-02
0xc123110b44d6c5bfd7c963135041a7d80dfa107a,0.011280,0.009999,0.001281,12.81,2.1,2023-09-24
0xbe2bf7030126a543085e211b1ab13dc351152860,0.010943,0.009639,0.001304,13.52,2.2,2023-07-31
0x891172c09f509abe701a81314865d74d942f0592,0.010032,0.008762,0.001270,14.49,2.5,2023-04-06
0x5c3fb2bcafd5251b1b47537c88620ea87a728f9d,0.009573,0.008352,0.001221,14.61,2.6,2023-03-12
0xf16416683cba028503d167be9082fca145bfd46d,0.009341,0.008133,0.001208,14.85,2.7,2023-01-31
0x69935f09a948b317e4cc17f7a9cc9abc1611da06,0.007236,0.006374,0.000862,13.52,2.2,2023-07-31
0x67c162b74f096b571e361e191270cdc1ef585591,0.007228,0.006350,0.000878,13.82,2.3,2023-07-03
0x1a8028927383a0665b62b4aa6eefd5dd66cb5a38,0.006703,0.005872,0.000831,14.15,2.4,2023-05-21
0x1a26be2ed7659bbdd47a3cbadc21dde96c63f258,0.005793,0.005081,0.000712,14.01,2.4,2023-06-09
0x8e1ca006a5751cd113eda0a57450d0f58cab0548,0.005626,0.004950,0.000676,13.65,2.2,2023-07-21
0x7e438ca417d941b484211d7071bd4218ec72b851,0.004865,0.004260,0.000605,14.20,2.4,2023-05-15
0x30600f0ae86172320ad66cda18610ea5e6393a94,0.004447,0.003905,0.000542,13.87,2.3,2023-06-26
0x6213dbabc61d9913d6d3706f377631935d9cbe4f,0.003570,0.003168,0.000402,12.68,2.0,2023-10-05
0x4188cdb786b5b5e4a4339b777ff6953d2c95e54f,0.003251,0.002861,0.000390,13.63,2.2,2023-07-21
0x36898cd9393ec43954ff275667bc8c48411bc206,0.002440,0.002125,0.000315,14.82,2.7,2023-02-04
0x1afa78738dff96506953bfd08ca8818903486422,0.002250,0.001977,0.000273,13.80,2.3,2023-07-07
0xf5ab0b529248bc55d6617d3416712f00013cc624,0.001809,0.001578,0.000231,14.63,2.6,2023-03-11
0x403615b70c893e6247ae4bc7627a775c1a4dbe85,0.001532,0.001334,0.000198,14.84,2.7,2023-02-08
0x333f4448435ba2d05e2b2ccd15dd50ea36839333,0.001147,0.001003,0.000144,14.35,2.5,2023-05-01
0x3a66f923e59e969609cd24be579084e363cab0df,0.001146,0.000999,0.000147,14.71,2.6,2023-02-27
0x17d60e33385700247741d8a0c2db0d4ac28130d7,0.001145,0.000999,0.000146,14.61,2.6,2023-03-26
0x449fa2bda773e49e90fd7f2ecd33557103539cc3,0.001142,0.001010,0.000132,13.06,2.2,2023-08-22
0x1ad10b97c63289b1f9c3246fb901f427ed5fbe18,0.001029,0.000897,0.000132,14.71,2.6,2023-03-08
0x2f0d21d91ed0367a8a1b40fe9176da3175b4a4e7,0.000678,0.000594,0.000084,14.14,2.4,2023-05-16
0x1a243c98a6b6632865979ae1ae8b6525ae8d20f3,0.000574,0.000509,0.000065,12.77,2.0,2023-10-06
0xf622be9c03d4f6833b691cea3e7c52aacb486498,0.000480,0.000423,0.000057,13.47,2.2,2023-08-07
0x58e327d64fc77fa36f698989623c3e4f058c8a89,0.000390,0.000340,0.000050,14.70,2.6,2023-03-10
0xc67d5b3a9aa7e746baef45a43224542e5b90c42a,0.000273,0.000242,0.000031,12.80,2.0,2023-10-04
0x0e97ea567703d08e4e3c3e00ff7bf1f47c26858d,0.000242,0.000211,0.000031,14.69,2.6,2023-03-11
0x2be30549cd94716dc98e42ee5acd8aa8322f74d5,0.000229,0.000200,0.000029,14.50,2.6,2023-03-29
0xaf090d3e78530b3c9a4ed035bbe09978b560d7ee,0.000096,0.000085,0.000011,12.94,2.1,2023-09-04
0x3a6ba289eefb1c038c088c50575d3ef30e33555d,0.000089,0.000078,0.000011,14.10,2.3,2023-07-13
0xbb011bbe21ce5d1644d80476d28b08bef561f7a1,0.000078,0.000068,0.000010,14.70,2.3,2023-06-27
0xdad11a7c2d8e2f4adc8f8f423d76922f58f6d516,0.000072,0.000064,0.000008,12.50,2.0,2023-10-09
0x534e2bafa204893d8e1b4fd221f77e41f8ec69b9,0.000036,0.000032,0.000004,12.50,2.3,2023-07-14
0x838a33578d6f0a397d1180f05c37d41d84009b1f,0.000026,0.000023,0.000003,13.04,2.0,2023-10-14
0x7323d27ff45615fbe205014914fa50d77e678955,0.000024,0.000021,0.000003,14.28,2.2,2023-08-16
0xe213126ee1c9428bf8cc91ec917373f69ea494f5,0.000020,0.000018,0.000002,11.11,2.7,2023-02-03
0x07c423f0ac87eaa76481dd86d446a2807cf27c82,0.000019,0.000017,0.000002,11.76,2.5,2023-04-03
0x73055e3af6515e1aa61679edc55ffd4ba78e3d61,0.000014,0.000013,0.000001,7.69,2.1,2023-09-25
0x6ea2e492a7128508d609de8d9e562c611e587b33,0.000011,0.000010,0.000001,10.00,2.3,2023-06-20
0xd63c9d4a23459b32b4e59002bd48bb1b9faf94ed,0.000009,0.000008,0.000001,12.50,2.7,2023-02-20
0x0fe9411f7876add8a10f3c344bea8d84720cbbf1,0.000006,0.000006,0.000000,0.00,2.2,2023-07-28
0x325c42772223b9eff0dd3db7ca17cb7fbee4a966,0.000004,0.000004,0.000000,0.00,2.2,2023-08-12
0xec9e90a9f10fec9bdf3565a19aff4b07c7c28677,0.000001,0.000001,0.000000,0.00,2.6,2023-03-04
0xaf207ddfd9b35069a976ff11e41b4f6b1b3730a6,0.000001,0.000001,0.000000,0.00,2.3,2023-07-10
0x74577317fe641b3003f49968b9c31e26fa0e7e87,0.000001,0.000001,0.000000,0.00,2.4,2023-05-10
0x4ee2df2e2729b5278177840e19ec3c30c8128565,0.000001,0.000001,0.000000,0.00,2.0,2023-10-04
0x218b3d95a34ba1a54801ce3327f6457366764754,0.000001,0.000001,0.000000,0.00,2.4,2023-05-08
0x0ed528a8b28ee4f8789d0b6ef3e1492ae8fb36f6,0.000001,0.000001,0.000000,0.00,2.3,2023-07-15
TOTALS (484 users),15922250.945370,14000939.694156,1921311.251214,13.72,,