User Address,Current DAI Balance,2024-10-17 DAI Balance,Exact Yield Earned,Yield %,Years Inactive,Last Interaction
0xb21deb6d23d6bd067d50c7e3ea6bc8874061342b,18937494.525692,17237530.658732,1699963.866960,9.86,1.7,2024-02-01
0x496a0f3fd10a06d3ecdef8d82ba1be3683c4c03c,4116498.952449,3862364.056447,254134.896002,6.57,1.4,2024-06-10
0x0387435b9079a6b5f873ce57643e1b5914276528,2870399.475470,2711705.226712,158694.248757,5.85,1.2,2024-07-22
0x2dee59010cbb5dd5dfc4ab90f7a63c423041b2bb,2637194.224422,2326970.650500,310223.573922,13.33,2.3,2023-06-13
0x5ef87dec00a19d2b47ee0073d869f7d7feff26ef,2526673.512814,2361077.519759,165595.993054,7.01,1.4,2024-05-21
0x2b42ed261fea5bcf47e181d9d3633e626aa400d3,2211683.835409,2074407.962751,137275.872657,6.61,1.4,2024-06-09
0x899d860c4ce3fe3acd6412ae114b36216c62f70a,1419128.263585,1345357.419870,73770.843714,5.48,1.1,2024-08-23
0x32a1f802a42f60d24723588bad2ea28645c3af4b,1213666.408250,1109193.714764,104472.693486,9.41,1.7,2024-02-22
0x863e730904cb7dcdd5205de6b502f42c3f6d9372,1133209.813057,1013135.689616,120074.123441,11.85,2.0,2023-10-17
0x3ccd050a96bd238a67290cdca5a0c94f38676021,605852.846649,554580.249999,51272.596649,9.24,1.6,2024-03-01
0xdfec2433edf8e05e58fcf8517dc00319b77d0d1d,520536.847921,481598.797493,38938.050427,8.08,1.5,2024-04-04
0x0457dc054102083e7358e491ef6740e45106d47d,510634.037658,483500.005538,27134.032120,5.61,1.2,2024-08-12
0x036bf979ef629ec8f1edcdf61c4072966b364354,480426.530635,439984.525539,40442.005096,9.19,1.6,2024-03-03
0xa18da510f633cb665749a7566cef89b88dac4dd3,463652.746273,422999.969832,40652.776440,9.61,1.7,2024-02-13
0x65babec7bb9bf0ff73eddeaf1f549f037ae4f11b,446443.079679,407634.915072,38808.164606,9.52,1.7,2024-02-17
0xb0a1a19141a397cc415ede0a50d4bd09cbe2cdb1,341484.479007,312579.748103,28904.730903,9.24,1.6,2024-03-01
0x17e384e635ff4a7643ccdb37b553c51008e41baf,328255.080829,299839.329472,28415.751356,9.47,1.7,2024-02-19
0xdbc0e7fe0c6a27756bf08b2042ad4cf8661e5d56,306222.278375,284295.239558,21927.038816,7.71,1.5,2024-04-16
0xf22b75ced792a59bde1021a1c34be6f131de612f,269894.391842,249899.999999,19994.391842,8.00,1.5,2024-04-08
0xb7a6caadf860bae7b6c0dbd7de8d464da21623b1,217089.683277,194552.066689,22537.616588,11.58,1.9,2023-11-06
0x39a0d7519cc121e077a064ddfdabf1562fe728ab,206844.267617,182000.000000,24844.267617,13.65,2.5,2023-04-29
0xefe9fdf16c270f3952d0669cbd7db6a937fc0806,198470.138323,181670.284975,16799.853348,9.24,1.6,2024-03-01
0x74f9ee81388c35e4658d481de191765876407ca0,167788.732129,150000.000000,17788.732129,11.85,2.0,2023-10-17
0x76dea463f6917024cb7aaa2b81f4df166a336028,163019.159349,149999.999999,13019.159349,8.67,1.6,2024-03-16
0xcdd6e7215fa3599a686cf36281ff1762429ad69c,152325.435024,145111.512505,7213.922518,4.97,1.0,2024-10-03
0x3b6ac5f7995f0d6c5165f0187cf027a6792b9a80,146433.239001,131105.158105,15328.080896,11.69,2.0,2023-10-29
0x25f2f439fc9d71cc8e497860085f98e29ce47b5e,142431.652876,125151.435299,17280.217577,13.80,2.6,2023-03-23
0x1fbc554caff6c1b4c00a692c9849de62de97e29c,121975.656099,114573.033793,7402.622306,6.46,1.3,2024-06-16
0x465a5727e10b79187e1ac18f3d243cf88d49f7ee,117804.423129,110011.613392,7792.809737,7.08,1.4,2024-05-18
0xb6a6a47f55274e3725601198e64284298e4f72f0,110167.314543,100114.661091,10052.653451,10.04,1.7,2024-01-20
0xb088ce84b90e60ff572b2c3ee65460c7b9e12813,109784.019093,99999.999999,9784.019093,9.78,1.7,2024-02-07
0x6ed450e062c20f929cb7ee72fcc53e9697980a18,102663.491166,90200.584657,12462.906509,13.81,2.6,2023-03-20
0x4a519a8815f0d70a880e84a6d89e72a0fb58dc5a,96953.997550,89530.670645,7423.326904,8.29,1.6,2024-03-28
0xb086bc4fcc88cd0c618420c02aad0ed16839a622,95902.309995,90000.000000,5902.309995,6.55,1.3,2024-06-12
0x8646caec8b1a09af422c8f5eb7f67cc1f49a071d,91130.619565,81503.823711,9626.795854,11.81,2.0,2023-10-21
0x9c48cff17253448697ea876c1abeb68829c20c20,76663.232288,70393.905220,6269.327068,8.90,1.6,2024-03-11
0x981907f88e921f132347850489203cf077a0b9d1,67174.271468,63418.123721,3756.147747,5.92,1.3,2024-07-17
0xdd24e8113bd62b654c2a8d25b6aec2285e04fe45,66387.838454,60000.015121,6387.823332,10.64,1.8,2023-12-24
0x8056ca010c71d8b68f9014c94ab20fd84ac68033,64648.733770,59859.999999,4788.733770,7.99,1.5,2024-04-08
0x09a11f062b1c6f2820059f9e3f92fea0fb2a03dd,63075.362961,55361.519038,7713.843922,13.93,2.7,2023-02-22
0xb0e3bf79a710c9445434a63bce2f6d419cd876f9,60483.176396,55990.129153,4493.047242,8.02,1.5,2024-04-07
0xda811a337b00521a193e79e6fdf0185173b6cb7a,58906.205618,55184.319778,3721.885839,6.74,1.4,2024-06-04
0x7267e3d39feb04620579df4f1a06273f9a837ea4,54536.608736,52001.017590,2535.591145,4.87,1.0,2024-10-10
0x731babe8a282bcc63e3940255f620d884da16a40,53377.850476,49994.417900,3383.432576,6.76,1.4,2024-06-03
0x64e7ff734848dc7b04d00da71615649d321c04a3,53334.750633,50859.054462,2475.696170,4.86,1.0,2024-10-11
0xdcabccdfa82bb6e9c9adbb1d27dea16b2b2395a4,33729.295970,30620.698752,3108.597218,10.15,1.8,2024-01-15
0x8697cb1d4b8c981e9da72bb0cff452771ab10907,32609.841078,29891.421235,2718.419842,9.09,1.6,2024-03-07
0x0bd82fcdd27ec3aa697d2c5685d8c4b8bee50079,31932.686464,29415.171398,2517.515066,8.55,1.6,2024-03-19
0x219b7e1d3a7a2ed477223a00ed597f87561ce168,27397.487918,25403.849412,1993.638506,7.84,1.5,2024-04-13
0x5534dcb123abf1c2e484a3b29b7fa86e01ff1ebf,26906.301720,25369.605489,1536.696230,6.05,1.3,2024-07-09
0x32c847d561b2a515546a68195e0b67037c070c83,22002.240964,20959.474605,1042.766359,4.97,1.0,2024-10-03
0x57c988a69d0359e6ae476511ad31dd339c34ad58,21281.716624,19999.999999,1281.716624,6.40,1.3,2024-06-19
0x04985a4357cb24928b123b7ca7db985ab5bca3ee,20924.724268,19735.842680,1188.881587,6.02,1.3,2024-07-11
0xf2e1a88af3d6cddd60b9c43cee53d655cba40b2c,19904.363722,17505.003472,2399.360249,13.70,2.5,2023-04-18
0x8790a25ab1bf3635df7c93311bc7c085749828ba,17858.134599,16999.999999,858.134599,5.04,1.1,2024-09-27
0xa90a679da66e4eee93e467474c4da96627962af1,15907.426761,14143.638476,1763.788285,12.47,2.2,2023-08-20
0x8837ac286e1e22c19b6cb668613dea10cc417591,15592.750116,13927.004530,1665.745585,11.96,2.0,2023-10-08
0x6b480925f2d2ec404563d7025394f1e6822dfa13,11992.438392,10999.999999,992.438392,9.02,1.6,2024-03-08
0x54eb6e71ce781fcb6f0238472c8a108ac8967cb7,11431.373580,10479.419999,951.953580,9.08,1.6,2024-03-07
0x7904ca17b51b1aded2a5fdd8271711dc3e92e1fb,11082.422131,9994.787517,1087.634614,10.88,1.8,2023-12-13
0x97b1dd5a0d8a023eed4b68da3cda756c6c680209,11001.384023,9999.978810,1001.405212,10.01,1.7,2024-01-21
0xa3be8527e9f699882ff9eb3883e1c8600e5b1302,10880.667368,9999.999999,880.667368,8.80,1.6,2024-03-13
0x718f68ed49b8fb73af9abc66ea960be8e65f8618,10843.246743,10006.828719,836.418024,8.35,1.6,2024-03-26
0x2b3e4a220cf37b67403b22094f084ccf8d8b3255,10589.401839,9982.011088,607.390750,6.08,1.3,2024-07-07
0x30024de60cfd7fbd68c1257d3ecddac6c1eb8db4,10356.723310,9468.425323,888.297986,9.38,1.6,2024-02-23
0x074367ff88b650827091db6c6ac334a080a1f591,9759.241917,9000.000000,759.241917,8.43,1.6,2024-03-23
0x6336ae3180e37a1605617290faa9b29cf39f551d,9700.878797,8796.244669,904.634128,10.28,1.8,2024-01-09
0x2ad7e656c24a96bfa02afafadc87c428df78f603,9686.624461,8927.081965,759.542495,8.50,1.6,2024-03-21
0x5e40194b89a4979fb979c13b9f96716e8d4af995,9077.141647,8000.000000,1077.141647,13.46,2.4,2023-05-26
0x48c50547ca10dbf72f404ee1f62e83e34b449b04,6786.816110,6348.158721,438.657389,6.90,1.4,2024-05-26
0x52b512254a7b6c4a188924cde17d2451feaed6a1,6686.652962,5942.397330,744.255632,12.52,2.2,2023-08-16
0x60a3eb4251e9d4262834b27c3800a90a33e5b3ab,5685.628086,5000.000000,685.628086,13.71,2.5,2023-04-17
0x10d5c5674f25fffcffc39765ff511f9bee17ed09,5395.459621,4999.999999,395.459621,7.90,1.5,2024-04-10
0x5b18d68206d2d687d7a0fe5899f6600a6a854962,3457.524345,3260.337820,197.186525,6.04,1.3,2024-07-09
0xc16b9caeb0b6ef59db7ca993fe4a566b557892e6,3360.441739,2989.100659,371.341079,12.42,2.1,2023-08-24
0x628b42cf8f4b2457b5c8f87607a8ff11570fd4e5,3188.948843,3005.674515,183.274327,6.09,1.3,2024-07-06
0x861c6657d5c5efb8fc3dfd0451b1dc9480302b73,2758.203483,2499.999999,258.203483,10.32,1.8,2024-01-07
0x7c500b30e4178f5560ac3673d382e4fe0956a122,2739.438091,2462.353147,277.084944,11.25,1.9,2023-11-25
0xb412a21d52c9797670c2a829bc94d887b6dd4ef8,2731.603550,2487.943600,243.659950,9.79,1.7,2024-02-07
0xde86b8c43a32f445b1419cc4d3af807aabefcaa6,2235.535774,1993.999820,241.535954,12.11,2.1,2023-09-24
0x018f4b918a24de93be4e5ffccca4e895fe7a9167,2208.123331,1936.935976,271.187355,14.00,2.7,2023-02-08
0xd38ccf0988b375a9f4be1c8eeaef5ecca4bb8e87,2181.335415,2007.570866,173.764549,8.65,1.6,2024-03-17
0x98db5558e91e3b2ffae95187a6ac98b7ae437970,1782.095481,1664.899721,117.195760,7.03,1.4,2024-05-20
0xddc91edf1073a2e0f68a03ca692d9c5dcd2ce61a,1734.010984,1596.459014,137.551969,8.61,1.6,2024-03-17
0x66c22a538f2aad853662b13125abe7f86251aca4,1713.847744,1546.024708,167.823035,10.85,1.8,2023-12-14
0x762af0ad3224e027a2ae12139ab9b9b135dbbe5c,1698.210745,1498.029189,200.181555,13.36,2.4,2023-06-09
0x3024074eaa70f3d4c071c0da9d0c8eec50232c47,1546.554775,1466.727454,79.827321,5.44,1.1,2024-08-27
0xfd721dbf85ddb25f8fcdeae1cec5903a496dbbd4,1272.467696,1204.577380,67.890316,5.63,1.2,2024-08-09
0x24df6c66647088da4e2a45c7ff56c50b064334a1,1263.113920,1189.221943,73.891977,6.21,1.3,2024-06-30
0x55a0de5ee0d79bf76137c56331250bb22bfb3db4,1249.561537,1181.960502,67.601034,5.71,1.2,2024-08-01
0x6d6d09b2aaddfbd2447e27b9e97da47e83a2f0e4,1151.324978,1018.648542,132.676436,13.02,2.3,2023-07-14
0x471c7b9fa33e862593b4420e7c09eaa07a92476f,1139.369392,1039.932161,99.437230,9.56,1.7,2024-02-15
0x9d797ec64040bda70345bba325bb9df47087506e,1128.034589,1000.000000,128.034589,12.80,2.2,2023-07-31
0x4fffd1bff593c89e87a516d47e4881ae65f008a4,1111.450714,1000.000000,111.450714,11.14,1.9,2023-12-02
0x63fbb2f8d8048708f8555a1118ba972c54654717,1106.666571,1005.521480,101.145090,10.05,1.7,2024-01-20
0xcdf4a9abe6ef6be770a77a6dff28298f2e6b8efd,1095.021738,992.461716,102.560022,10.33,1.8,2024-01-06
0xabb997ca6dfb0c9ad07725b7a6bfb0c2a89ea309,1063.062705,999.999999,63.062705,6.30,1.3,2024-06-25
0xf0d95c1bb8f034fc9e026547ab6b8583a8fcaef7,1052.506365,1000.000000,52.506365,5.25,1.1,2024-09-12
0xb19032a261cf5cfa32543ff07a52ec0427763144,1003.747987,948.500000,55.247987,5.82,1.2,2024-07-23
0x6e5e8a90051afc7c36c1ab9f7e0fb64d3e65a658,999.540240,940.000000,59.540240,6.33,1.3,2024-06-23
0x242ba6d68ffeb4a098b591b32d370f973ff882b7,923.074455,840.555837,82.518617,9.81,1.7,2024-02-05
0x4dff727fd5002dad7e028c6987c394f1913c2137,903.136540,806.128401,97.008138,12.03,2.0,2023-10-01
0xdfcd9badf58dea060b98b490599394714e05fcb5,900.023535,799.923742,100.099793,12.51,2.2,2023-08-17
0xf0c0801147331a1189af7fe1f576cf3223412033,886.734936,836.417392,50.317544,6.01,1.3,2024-07-11
0x82d7af30ff42e74af63f6136be38cbcb5faef70d,773.246668,727.893690,45.352978,6.23,1.3,2024-06-29
0xa0baca7e00aab15833d23045a21d6769ad593e4d,734.830575,659.622549,75.208026,11.40,1.9,2023-11-17
0xe2625b508527825f38c3cd25f0795b9c07c45ea9,641.039784,593.198776,47.841008,8.06,1.5,2024-04-05
0x0c28cb4c081dc2d1e63dfe3f3efb24f6ba14baa3,593.524081,538.708244,54.815836,10.17,1.8,2024-01-14
0xd0026fd3905def326e986e3c010553ce1f36b3ce,567.760905,539.505889,28.255016,5.23,1.1,2024-09-12
0x74b548a5e8ff196e5f227b3511368e9a8a9d1712,567.751301,500.029999,67.721301,13.54,2.4,2023-05-15
0x38a81be1a7d46fb38960e7f7b5d4c1135b6ca610,553.509218,504.625455,48.883762,9.68,1.7,2024-02-11
0x719fcfdc3d3ec5734a8be60a361322337e8cf1a8,527.798396,467.517176,60.281219,12.89,2.2,2023-07-23
0xdad21fc246f17a32d1a6559673b91416fa2e4837,446.247344,398.597321,47.650023,11.95,2.0,2023-10-08
0x8637e2794577eea6340d37e956d011635a295b30,443.373252,396.561681,46.811571,11.80,2.0,2023-10-21
0x6684942f6bd9554adad63a6dadd6aa4996f1b591,432.650315,404.658659,27.991655,6.91,1.4,2024-05-26
0x5a5ed37d0e8bb6aa6a52f85c86f147ef5f7f4bf3,429.765843,404.023690,25.742153,6.37,1.3,2024-06-21
0x4744cda32be7b3e75b9334001da9ed21789d4c0d,361.150029,317.299272,43.850757,13.81,2.6,2023-03-19
0x0c40e6c6c9514bc9e48801f47c1bc861ac3f74ba,339.040746,300.000000,39.040746,13.01,2.3,2023-07-15
0x3592addd0257ecb7c2deda8e74a1094f3331a212,313.381853,285.890895,27.490957,9.61,1.7,2024-02-13
0x6927978c0ec621f8dae0d38d0e1da7676ed5fc81,313.277476,282.365557,30.911918,10.94,1.9,2023-12-11
0xd3f7e0316971578d3b805c295253f6d2f965a8be,282.322276,250.000000,32.322276,12.92,2.2,2023-07-21
0x7038bc43b18ab3e63ac72e9e0a6ce17a12540930,282.246890,253.386150,28.860740,11.39,1.9,2023-11-17
0xbc2f26588aeb2bdc41a874d9e2c88339ebd1ca0f,278.039354,263.973781,14.065573,5.32,1.1,2024-09-05
0x41e22424e1e071a447f3eea140c51d21d3bf726f,250.412813,219.583921,30.828892,14.03,2.7,2023-01-31
0x0a196c09a1d3cee409c16214b7959fb541390048,248.004310,217.590357,30.413952,13.97,2.7,2023-02-13
0x7d7963bc806800327494471386af6dbc185662f5,236.117657,221.350270,14.767386,6.67,1.4,2024-06-07
0xc2f3766d439b2efbb063691e759f58d07cf306c1,228.328523,201.455360,26.873163,13.33,2.4,2023-06-12
0xa60fabbd0124dcc6952fe90c1b8915c12376f2ae,227.615161,217.155876,10.459284,4.81,1.0,2024-10-14
0x6b1b21c73139c7d8f14824818686572a1d6649f0,219.945778,200.000000,19.945778,9.97,1.7,2024-01-23
0xcf4cd9fd4edaa4bd0addb65cb8a4ab0bf7e56b85,214.335667,187.999999,26.335667,14.00,2.7,2023-02-06
0x5debc630701f44da6c0b0926d5be00db1e1e5d90,185.548740,172.669999,12.878740,7.45,1.5,2024-04-27
0xaf4862616df705bd793fecedc2be0b81e1f5244e,162.118519,150.690000,11.428519,7.58,1.5,2024-04-21
0x940b730a42036e24815ad215f507d1e2bdc309d5,152.645449,134.000000,18.645449,13.91,2.6,2023-02-25
0x3d72a1ded702d29e3127465a8859fae0bddc0394,132.344346,120.000000,12.344346,10.28,1.8,2024-01-09
0x69a671814b16a2a10fff4fed06fe9b9ec06579de,116.600158,105.092498,11.507660,10.95,1.9,2023-12-11
0xe76436892a787a9a6a9b44b74fac827ecca4b3bf,113.970250,99.999999,13.970250,13.97,2.7,2023-02-15
0x5d576730cd6c2e538b854ece27dfb672e027cd63,111.425087,101.892170,9.532916,9.35,1.6,2024-02-24
0xa1b568b9dc9cc078d25d4936b55bd88924f00f3c,109.672413,102.129592,7.542820,7.38,1.5,2024-05-01
0x06e3b987fb7ffb556a3ec80d36596af6bc7310df,107.876191,100.000000,7.876191,7.87,1.5,2024-04-12
0x7792a7a2fbaeedc465754f84344ee5085fb62cfd,101.731039,92.701885,9.029154,9.73,1.7,2024-02-10
0xc701b57fb6bb950bb16c28a14d09e93a000dc57c,84.776235,79.346626,5.429609,6.84,1.4,2024-05-29
0xe50afa2b6751dc59e130344e2ec1327e23ec6b79,83.956892,74.853952,9.102939,12.16,2.1,2023-09-20
0x03421485becf57f9932acb11e2342bf123bfe56f,80.664123,75.000000,5.664123,7.55,1.5,2024-04-23
0x4245eb52ee5810fa9b701f05dc58d5532c97c22e,79.965852,74.999999,4.965852,6.62,1.4,2024-06-09
0xb98bd9e59460ec3d5f927fa033c5606b5771220e,76.315878,70.565073,5.750804,8.14,1.5,2024-04-01
0x27af37cd341de35f2a7b84af9069d92759adfd8d,72.804398,69.208091,3.596307,5.19,1.1,2024-09-16
0xf87e998a735425f826de3144d6bdeb01ccba0281,70.738452,62.641088,8.097363,12.92,2.2,2023-07-21
0xeadccce86747cabaa085a81ef51fd1a5b3766782,68.696424,61.761693,6.934731,11.22,1.9,2023-11-26
0xe6f53110f22508c01ea9f0f7c9863c65611612fa,62.592424,55.000000,7.592424,13.80,2.6,2023-03-24
0x41b5c8a691008377c4aa906aaea50b903dd0462b,61.766155,58.869340,2.896814,4.92,1.0,2024-10-07
0x484b1a0cbdf1dfad5172eedc8834832cfac16223,57.753202,53.699520,4.053682,7.54,1.5,2024-04-23
0x3a4408c8b3b6733f5cf495c997bd3658466a8c8f,57.005692,50.000000,7.005692,14.01,2.7,2023-02-05
0xb54e73067fc65e8f50d574e4a2a7441406ab7ba6,56.444121,50.000000,6.444121,12.88,2.2,2023-07-24
0x970e9d6fc33083de7d0da6327d2544b6c76a2c99,52.431019,49.999999,2.431019,4.86,1.0,2024-10-11
0xc3cc7d09a7a9078549535fd3c3837a32480bbcae,51.214678,47.170000,4.044678,8.57,1.6,2024-03-18
0x53d687b0f33cc084eab7f81d3dcc729827052622,45.940252,41.346673,4.593578,11.10,1.9,2023-12-03
0x7a4ec743fe660d0199489ab2ad89b713b6cbe644,44.226682,40.002000,4.224682,10.56,1.8,2023-12-28
0x9fb085327c8a51beddb2590ec7495f6a1875394e,43.167328,40.000000,3.167328,7.91,1.5,2024-04-10
0x58626162bbc5f67cc99a0a3e2bd4e7bdbf8fad06,40.939191,35.999999,4.939191,13.71,2.5,2023-04-15
0x53d176b74c47d8c80dc94db3425f9bfe851edc68,39.791122,35.000000,4.791122,13.68,2.5,2023-04-22
0x592b2b3f52c614ec2f371cb2144028824a09e2f8,37.186802,33.535312,3.651489,10.88,1.8,2023-12-13
0xec5210f87807b647b45e66c1ee51d212eb0db8ae,35.894139,32.641971,3.252167,9.96,1.7,2024-01-23
0x455d80a02411f8ff918d10b4e6fb23fa5c225267,30.554038,26.846398,3.707639,13.81,2.6,2023-03-22
0xd26a1888b2c0ac18f816f7934a94eea9da0feb0f,28.494703,25.000000,3.494703,13.97,2.7,2023-02-13
0xee5f80dc6cce26615700a10726f36ebd03e361ee,28.242378,25.666489,2.575888,10.03,1.7,2024-01-20
0x1f7a091e90012806bc6329622a2489109d763d31,28.212596,25.000000,3.212596,12.85,2.2,2023-07-27
0xc4e9abc570136a8905811bfb6c4f6e0b419cc683,27.556708,25.000000,2.556708,10.22,1.8,2024-01-11
0xb5659b9f8a4723a0f3a0a43a2dc91c32e758eba4,27.508852,25.000000,2.508852,10.03,1.7,2024-01-20
0x5d9f0953a8a778c87119770d253bf3a3123173b9,27.492221,25.000000,2.492221,9.96,1.7,2024-01-23
0x4180005068e9f999716d314472d5af7cd0ff93ff,27.326939,24.999999,2.326939,9.30,1.6,2024-02-27
0xaa9733d9c887e2a83c2200197b1b881053130d30,27.022473,24.999999,2.022473,8.08,1.5,2024-04-04
0x36a1375f4c70256cf675f4088ab66f3ac415290e,26.807731,24.999999,1.807731,7.23,1.4,2024-05-09
0x1d9aba973184a488e62fd931ae20eb29dd5b4831,25.367767,23.071777,2.295989,9.95,1.7,2024-01-24
0x83702615df6a1d6645dcf8f51da0a6ba92e70333,24.715828,23.000000,1.715828,7.46,1.5,2024-04-27
0x290564a21c7664027e95b475ba3b4b876cd1f981,22.868427,20.303165,2.565261,12.63,2.2,2023-08-10
0xb326bfd0b160ebbfd079d75021923d7e372b1e63,22.800088,20.000000,2.800088,14.00,2.7,2023-02-08
0x8dc6d123a49889e1b053c7e26b2a1cd26ddfccb8,22.618738,19.999999,2.618738,13.09,2.3,2023-07-10
0x360d5b47285caf3f85ca68181031c4b28795c0af,22.443844,20.000000,2.443844,12.21,2.1,2023-09-14
0x737204ee389248bd55cf4fc2eac40ae0a5141eec,21.462201,19.999999,1.462201,7.31,1.5,2024-05-05
0x5cc1a80e2d513406ee079ca2b64c5d1357aa134b,20.318061,18.000000,2.318061,12.87,2.2,2023-07-24
0xb322da29e7af56448078d773336d3724864ebabb,20.087576,18.029538,2.058037,11.41,1.9,2023-11-16
0xc17a4dcf2c83c92dbbeb5cf186bfae421b091546,19.200020,17.905928,1.294091,7.22,1.4,2024-05-09
0x014b675711a2d4471a5ab2d5e715d25a10af7945,18.693767,17.719999,0.973767,5.49,1.2,2024-08-22
0x53f525f1ef162065a3016d87ff96fcdd026969fd,17.374813,16.128241,1.246572,7.72,1.5,2024-04-15
0x86dee25580e44f3b368983ba8f6881342810fe90,17.098732,14.999999,2.098732,13.99,2.7,2023-02-11
0xd230ed69b36713cd9ae1fc9e0f0881826d6dcc42,17.049781,14.999999,2.049781,13.66,2.5,2023-04-27
0xe734e66e9223b5332e192ad80b687868cb5a324a,16.789572,15.000000,1.789572,11.93,2.0,2023-10-10
0x4c8f8089607ba1d370c7c62743a309bcb01d1eec,14.346833,12.600764,1.746068,13.85,2.6,2023-03-07
0xd82ee0c2f85dcc550443b6f1d6375a6ac73791b8,14.059740,13.000000,1.059740,8.15,1.5,2024-04-01
0x925b9fbb5acbd1d89113cce8d7a8d901d1ca87f1,13.680991,11.999999,1.680991,14.00,2.7,2023-02-06
0x8c270f234cdcbd30d281799b584db3d0789e1317,13.658480,11.999999,1.658480,13.82,2.6,2023-03-19
0x9a545d5e439fb73725cddd58d0bca98293147883,13.549748,11.999999,1.549748,12.91,2.2,2023-07-22
0xc3efba1002c0d74fb5c919e092c224795be02e2a,13.079562,12.400000,0.679562,5.48,1.1,2024-08-24
0xb0be6017ba475b0f1d2afb66709e2fd913712eab,12.524348,11.000000,1.524348,13.85,2.6,2023-03-07
0x8e383b72c2f1970bcb19682e34ebd0ba6362c0e5,11.831489,10.602878,1.228610,11.58,1.9,2023-11-06
0xfc78700591ac71c96102a4f9bd8fc97d663355cc,11.552609,10.235360,1.317248,12.86,2.2,2023-07-25
0xaad8714f76b0ac3a9b2b85b8f7a0af78245a81b5,11.307689,10.000000,1.307689,13.07,2.3,2023-07-12
0xc6762437ce6f78e6a5100c3c358fb650200f0803,11.264228,9.999999,1.264228,12.64,2.2,2023-08-10
0xe500848a2bafe116c76c8291dcddda0eae47b842,10.822885,10.000000,0.822885,8.22,1.5,2024-03-30
0xbadc5e72ebe0a36d0b0fe60a291e2af21eee8c00,10.748229,9.578296,1.169932,12.21,2.1,2023-09-14
0x3a8962b2fa7feb20a2c3c178ac1a6c21e0c836d2,10.716745,9.571994,1.144750,11.95,2.0,2023-10-08
0x7920547806a2377408516b3aff32a60c61b40707,10.616177,9.899999,0.716177,7.23,1.4,2024-05-09
0x967089312a446512309af6466959f4a96f3d6fe3,10.519357,9.352457,1.166899,12.47,2.2,2023-08-20
0xa16aa536b0f67fa905c58c47f070f7a60a786cf3,10.110179,8.999999,1.110179,12.33,2.1,2023-09-02
0x66e655f74887e50d2ffca66bdb48e1815d41e7ef,7.934456,7.000002,0.934454,13.34,2.4,2023-06-11
0xa9274323dd8c230d357c5b101e3f040d021983a9,7.761460,7.363816,0.397643,5.39,1.1,2024-08-30
0x8b77d769787486663341c359980bbcaf7ebb3fac,7.237139,6.852555,0.384583,5.61,1.2,2024-08-12
0x7cc67bcdef3120333c5c084afb54e532d4cfcde4,5.836059,5.141898,0.694160,13.50,2.4,2023-05-21
0x355784934ef5616e6025c8dbdf84d6943217177f,5.771869,5.075532,0.696337,13.71,2.5,2023-04-15
0x5bef45489a03462d199612c5cd992f114f398ea8,5.700502,4.999999,0.700502,14.01,2.7,2023-02-05
0xc05ed8f3adbc1007d9d8debc21a721aa951fad50,5.691342,4.999999,0.691342,13.82,2.6,2023-03-17
0x5dbc6208cc2ecb91943355486987ab89b6e7dc2a,5.687561,4.999999,0.687561,13.75,2.5,2023-04-11
0x3e077d42979e36473f84d6d36cede421101eb015,5.636480,5.000000,0.636480,12.72,2.2,2023-08-03
0x8e0507c16435caca6cb71a7fb0e0636fd3891df4,5.614075,5.000000,0.614075,12.28,2.1,2023-09-08
0x87704a8cecbbf36f3d2f785ef953ed9affc82b65,5.585487,5.000000,0.585487,11.70,2.0,2023-10-28
0xcd54c6f8003a878a4568292679762397f63ce419,5.544264,5.011185,0.533078,10.63,1.8,2023-12-25
0x28b1479aa83b7d0f1c3f35ff25754d38b7aa3347,5.497903,4.999999,0.497903,9.95,1.7,2024-01-24
0x247382226e769f3e14f0b0a85d9f51f52eb39cac,5.136931,4.749999,0.386931,8.14,1.5,2024-04-01
0xac533400c5e595ad54e47aaeaf19190fb7c525f0,4.926861,4.434324,0.492537,11.10,1.9,2023-12-03
0xd4c0c627684003d72639b856bb62a937293e5c87,4.925543,4.325487,0.600055,13.87,2.6,2023-03-05
0x714816133d78372a8759a9e9cb6b75d2596f045e,4.605797,4.200000,0.405797,9.66,1.7,2024-02-11
0xee2343f8c3efd59ea73b909809d8fa300b133dec,4.538172,4.000000,0.538172,13.45,2.4,2023-05-28
0xc92ead7835461c80e2380789b6f8fa55dba1f15a,3.917268,3.674143,0.243125,6.61,1.4,2024-06-09
0xf275de16c1019002e81bb5096b267b818b97149b,3.487504,3.219225,0.268278,8.33,1.6,2024-03-26
0x6d3f7b357ecbd023945e2cd29d10e4ff8b89663a,3.398188,2.999654,0.398533,13.28,2.3,2023-06-15
0xf8de1e04e35d3059ed38a80c23a85884c3a12833,3.367384,2.999999,0.367384,12.24,2.1,2023-09-11
0x80431a016cea2f5618d3fb0f3709dd3169eb6136,3.315196,2.942488,0.372707,12.66,2.2,2023-08-08
0xa3a23e58bef0d0ad5724e1c17658d6f4f0e4d359,3.287566,3.000000,0.287566,9.58,1.7,2024-02-14
0xf8a09bf413576a2e8b406dae09732aae29a1c8d4,2.920597,2.561264,0.359332,14.02,2.7,2023-02-01
0x37b3805388479f7b47940b8c190c9e32efd82fb5,2.756572,2.432151,0.324420,13.33,2.4,2023-06-12
0x8ac8fb3ae166c2c895cecb16d32bca386ffedd85,2.650972,2.510882,0.140089,5.57,1.2,2024-08-15
0x4f34be54b09d450eb0614e0535e33d4cf5649942,2.514198,2.237468,0.276730,12.36,2.1,2023-08-30
0x3cf99ad6044d86be00f447af2614c795c3108b81,2.442017,2.242487,0.199529,8.89,1.6,2024-03-11
0xb16c379e4247ad65b178ff6f9d84cb55b092759e,2.376709,2.122277,0.254431,11.98,2.0,2023-10-05
0x209b2346598a7f7f0a8068aec2b76385ed98dab8,2.279531,1.999999,0.279531,13.97,2.7,2023-02-14
0x9017c2af5e55e1bc6b7e8b41bf732a8e8cbbab0f,2.266813,1.999999,0.266813,13.34,2.4,2023-06-12
0x622d53d4bff435cbd0854f8c1f165129f3ceb89d,2.247553,2.009638,0.237914,11.83,2.0,2023-10-18
0x4d4fb5ff0b0de8b87cef9f508da4e6707a91f84e,2.147012,2.000000,0.147012,7.35,1.5,2024-05-03
0xb1b51b15125e688aea7b919eca7a4eb94aab8f17,2.107596,2.000001,0.107595,5.37,1.1,2024-09-01
0x6ce6e24c7469aae61548c15c235389ac8f1ea10a,1.994857,1.781688,0.213169,11.96,2.0,2023-10-07
0xd0dbcac7574ecfbbeea3c42b4b1dcf48dc7470ba,1.860860,1.749343,0.111517,6.37,1.3,2024-06-21
0x4204fdd868ffe0e62f57e6a626f8c9530f7d5ad1,1.794165,1.574060,0.220104,13.98,2.7,2023-02-12
0x7d6bcc72533122105a5f5131a5e99cc998208ff8,1.614722,1.443562,0.171159,11.85,2.0,2023-10-17
0x3cbda54c6dc2858c44dd35dbdbe83f9f4fd7475a,1.434052,1.259999,0.174052,13.81,2.6,2023-03-21
0x0d8c44854055f4becdfee63d2f6286548ace0c34,1.366882,1.200000,0.166882,13.90,2.6,2023-02-27
0x3d75b3f53903b8e528b95e0b21deddb31df37305,1.361862,1.199999,0.161862,13.48,2.4,2023-05-22
0x75e617ace2e1025b2651d9902df9c94df4457a2a,1.252915,1.099999,0.152915,13.90,2.6,2023-02-28
0x758259c6cd83a2ac9a5b4a37d91dc6b615e797a2,1.194656,1.049810,0.144846,13.79,2.6,2023-03-27
0x0e636d680b300214cf10e3343d0eef14f642c8a4,1.172510,1.041779,0.130731,12.54,2.2,2023-08-16
0xe840d57d0edd08685d8af49342e1987dc69399ff,1.154249,1.097240,0.057009,5.19,1.1,2024-09-16
0x6e33c520277952aa4950e548f18f4bf8b17c8867,1.151251,1.010000,0.141251,13.98,2.7,2023-02-12
0x6dc75ab02d614ac94537f774c1dad8c8f6d0f6b0,1.139805,1.000000,0.139805,13.98,2.7,2023-02-13
0xf2f94d2acd63f089e2d9e82bc8edb0fbd40a28fd,1.139750,0.999999,0.139750,13.97,2.7,2023-02-14
0x2e339c5a9119262916e34333d0334224fed09d0f,1.139508,1.000000,0.139508,13.95,2.7,2023-02-19
0x78a4c006ac85ccf41d71b804c2a6e00a3793cb77,1.139240,1.000000,0.139240,13.92,2.6,2023-02-24
0x9023f1ed962416848bf844162903ef4624b27a4f,1.139161,1.000000,0.139161,13.91,2.6,2023-02-25
0x09165d195d9f50c82aac439840cc6198d69003de,1.139144,0.999999,0.139144,13.91,2.6,2023-02-25
0x5da2ee269268c26da5806e2ff412511504bfe410,1.138364,0.999999,0.138364,13.83,2.6,2023-03-11
0x94f4f82e24c7a1572a6e9a02f78100bbc3ba8b35,1.138182,1.000000,0.138182,13.81,2.6,2023-03-20
0x6db303b564a05e9c17fbb22c7108561e08c3ae7b,1.137827,1.000000,0.137827,13.78,2.5,2023-04-01
0x4c890dc20f7d99d0135396a08d07d1518a45a1dd,1.136462,0.999999,0.136462,13.64,2.5,2023-04-30
0x333f4448435ba2d05e2b2ccd15dd50ea36839333,1.136442,1.000040,0.136402,13.63,2.5,2023-05-01
0xe01dddfb490726df1fc3a62ab627f05ce673c586,1.135123,0.999999,0.135123,13.51,2.4,2023-05-19
0x1a23f6501c733e1017de6bf889216b73f2e609fb,1.134977,0.999999,0.134977,13.49,2.4,2023-05-21
0xabd263d64781a01fe3d9b17f12fc95f6fccb2943,1.134924,1.000000,0.134924,13.49,2.4,2023-05-22
0x6b052bb4f5e54dee68cf96530d67c9b54283ace8,1.134878,0.999999,0.134878,13.48,2.4,2023-05-22
0x94e8629d24fe93bd8be6f9738b1ada71e2df4be5,1.134786,1.000000,0.134786,13.47,2.4,2023-05-24
0xce5671e1dfc2f844bb7f3d8e7e406470dd7a0069,1.134671,0.999999,0.134671,13.46,2.4,2023-05-26
0xc0d3a8d939d8653f0fd8fe7a0646dd3884293466,1.134485,0.999999,0.134485,13.44,2.4,2023-05-28
0x78eadf900c1a2d157edf4f34737f3caed5d5dec4,1.133870,0.999999,0.133870,13.38,2.4,2023-06-06
0xb0ba26dedc9c1ddae319de606c3b1279e26be57e,1.132645,0.999999,0.132645,13.26,2.3,2023-06-18
0xe66e1e9e37e4e148b21eb22001431818e980d060,1.132569,1.000000,0.132569,13.25,2.3,2023-06-19
0x4740f1136283fee975028dbcec0ed8154f48f3ab,1.132160,1.000124,0.132036,13.20,2.3,2023-06-26
0x0817e382a40d484a8b90c792b399667174e50ab8,1.130400,0.999999,0.130400,13.04,2.3,2023-07-14
0x82073f802547feeec0fd49719a3d7697fb66076a,1.130064,0.999999,0.130064,13.00,2.3,2023-07-15
0xb3dfe140a77ec43006499cb8c2e5e31975cad909,1.128006,1.024514,0.103492,10.10,1.7,2024-01-17
0x42353a7fc70eab5c0017733813805313b7b10b8b,1.126012,0.999999,0.126012,12.60,2.2,2023-08-12
0x98b71f1c4469dcb5d4519ca1ea253c5220b48c11,1.124385,1.000000,0.124385,12.43,2.2,2023-08-23
0xb662dc76751f628c66ec8c3911792119b6d491d4,1.123316,1.000000,0.123316,12.33,2.1,2023-09-02
0x7d32c90762e22379235fc311fdb16fab399ed40a,1.122174,1.047517,0.074656,7.12,1.4,2024-05-15
0xf60a5daa25c16ab7d9d34ac23ec5006eb179c739,1.122090,1.000000,0.122090,12.20,2.1,2023-09-15
0x4be120d6b1e2e102b42e9b995f91753f6577513a,1.121897,1.000000,0.121897,12.18,2.1,2023-09-17
0xa7f1462780effd618ad86dc369b810ef0d2c2cff,1.121130,0.999999,0.121130,12.11,2.1,2023-09-24
0x24ef89092ddcae34199774ac4e3ec6f36d9fbe4c,1.118985,0.999999,0.118985,11.89,2.0,2023-10-13
0xfb704a9d5f1bd6b11f6b9d62142c17e6a9f8ff96,1.074012,0.943903,0.130109,13.78,2.5,2023-04-01
0x044c6e947ac91618a6e88ffce37bdfdfd28852f3,1.066144,1.000000,0.066144,6.61,1.4,2024-06-09
0x7e656d5e24c4f5ede5eb789044d3d2faa06a61cc,1.055025,0.999999,0.055025,5.50,1.2,2024-08-22
0x1cf110a556049a8e446297a0d120565a2556f78c,1.052556,1.000000,0.052556,5.25,1.1,2024-09-11
0xda81358e33d75d13b2dc30e5a7c900c8cac92233,1.049669,1.000000,0.049669,4.96,1.0,2024-10-03
0xc97b90ef17a1c4e6f94908b29a67837923cace5a,1.049376,0.999999,0.049376,4.93,1.0,2024-10-05
0xa17c520efc85f453f10a19fc497ca0579ca60416,1.037625,0.916452,0.121172,13.22,2.3,2023-06-23
0x6811f7078989bf7575e8bec44ac24d72d6445fdb,1.026007,0.899999,0.126007,14.00,2.7,2023-02-08
0xdb9e63907ec0aca7728c285e566c927839505814,1.004991,0.937719,0.067272,7.17,1.4,2024-05-13
0xa0fbaedc4c110f5a0c5e96c3eeac9b5635b74ce7,0.917826,0.828063,0.089763,10.84,1.8,2023-12-15
0x74b9ffc121d1cd254851dfc0ef2fa5d59b4c0056,0.858360,0.761852,0.096508,12.66,2.2,2023-08-08
0x19e13382a39cf9d6318602f00fd8accd714d1ac2,0.856905,0.798641,0.058263,7.29,1.5,2024-05-05
0xb5d1ce49c1996e99520688925fad4fac2c077c48,0.821636,0.766826,0.054810,7.14,1.4,2024-05-14
0x6648d39dd323adc816cadcada011d2c497c5257b,0.769370,0.679603,0.089767,13.20,2.3,2023-06-25
0xa2aa047ae84388e17b872bc7f385294a4298edca,0.751161,0.712172,0.038989,5.47,1.1,2024-08-24
0x761bc06d1d83bc8c6d91a7f43ced7d8931d97117,0.750790,0.663417,0.087373,13.17,2.3,2023-06-29
0xbb79893f1ffabc81364a1965676643f8fed01f99,0.739823,0.650045,0.089777,13.81,2.6,2023-03-22
0x80bb6faa87b9ae4f5f6e192eb497400b859c4f15,0.690759,0.606575,0.084184,13.87,2.6,2023-03-04
0x97cd05ee9f47c6aba029c5ed4fbce8ce817586e3,0.671502,0.600000,0.071502,11.91,2.0,2023-10-12
0x9a593a0e3372e16b19521c176889472919c3c78c,0.615800,0.540749,0.075051,13.87,2.6,2023-03-04
0x780701198a234052292f1f7c03aa4787be39e740,0.607853,0.534075,0.073777,13.81,2.6,2023-03-21
0xee119ab8ca22f2b9b3e7f508739f3ae68c838a94,0.584503,0.515203,0.069300,13.45,2.4,2023-05-28
0xda1480828d9efeb694da1809b1bb251cf5eb7441,0.570321,0.499999,0.070321,14.06,2.7,2023-01-28
0x62d51fa08b15411d9429133ae5f224abf3867729,0.569489,0.500000,0.069489,13.89,2.6,2023-03-01
0x71add64adbb965bafd01437295968502eb61145e,0.568988,0.499999,0.068988,13.79,2.6,2023-03-27
0x6e89216b6d5c8fbed5cdb21b7838b801b9a9ca52,0.568978,0.499999,0.068978,13.79,2.6,2023-03-28
0x07d1a589447395fe78bca3627cb82f7c3310f598,0.568612,0.499999,0.068612,13.72,2.5,2023-04-15
0xf637978800670ba2a978501d86f73442e108f946,0.567528,0.500000,0.067528,13.50,2.4,2023-05-20
0xbbc64b125d9582ac40850f81016eedabdf69ac02,0.567499,0.500000,0.067499,13.49,2.4,2023-05-21
0xb41e31a4ddc1c3ed12ee1ade86f01ff1e3f9fb27,0.567261,0.500000,0.067261,13.45,2.4,2023-05-28
0xef8c41b482b0b3114218434fcec8e97d3a67d91a,0.567052,0.500000,0.067052,13.41,2.4,2023-06-03
0xdfd77a848618b3428c79790b5222b85c2adfcfe5,0.566750,0.500000,0.066750,13.35,2.4,2023-06-10
0x6104a3a414a49ad7fd362a50e38abbd4ef0dd877,0.560358,0.499999,0.060358,12.07,2.1,2023-09-28
0x78fde30585153202002431490a5765094702c0ff,0.543477,0.477356,0.066120,13.85,2.6,2023-03-08
0x896002e29fe4cda28a3ae139b0bf7bac26b33a8c,0.529426,0.464022,0.065404,14.09,2.7,2023-01-27
0xbf60de170c2ba3780c468d1694949c157c7e5167,0.527445,0.469402,0.058042,12.36,2.1,2023-08-30
0x8b228a08f8038c08940204245f668d485a6054b8,0.526907,0.500000,0.026907,5.38,1.1,2024-09-01
0xa6368f996c4a08e686924997d46fc45e81c2b2d4,0.516229,0.456061,0.060168,13.19,2.3,2023-06-27
0x8d88314f74891468f2abe29e056c2b970d148c67,0.494213,0.449999,0.044213,9.82,1.7,2024-02-04
0x942a099a6791359370751904a70c4e3fb0562bdd,0.453997,0.399999,0.053997,13.49,2.4,2023-05-21
0x29eb182b934780bb25c4656268df4c919225e707,0.453404,0.399999,0.053404,13.35,2.4,2023-06-10
0x6f745bb328a35d81a021c3d38cecd381852aeaf1,0.452833,0.400000,0.052833,13.20,2.3,2023-06-25
0x88ecf1e8338fcf8babf8a6f64fce1dc4fbd21c41,0.450850,0.396085,0.054765,13.82,2.6,2023-03-17
0xed3230aca539f88631eeeb40731f31783ebd5f31,0.435150,0.405574,0.029575,7.29,1.5,2024-05-05
0xa67144634230577b94d1545ca115f605ac800e21,0.377757,0.332999,0.044757,13.44,2.4,2023-05-30
0x476be4e3773737e653bdc1eae9b568b19197cc84,0.346591,0.322495,0.024096,7.47,1.5,2024-04-27
0x2dbb7eaf854059c9fc0484b96d6f2567dc5f3e15,0.341430,0.299999,0.041430,13.81,2.6,2023-03-22
0x92b52e6441a9e2e03d080e951249d93df222f855,0.341400,0.299999,0.041400,13.80,2.6,2023-03-26
0xc019e26b8c3bcc89c060110e079b463cf105dca9,0.341349,0.299999,0.041349,13.78,2.5,2023-04-01
0xd49591f0e9e8fc90856ea791b5f5cdf5edc78883,0.340478,0.300000,0.040478,13.49,2.4,2023-05-22
0xb5fcc1c11653566b83fd2ee849a3337592d28f76,0.338611,0.299999,0.038611,12.87,2.2,2023-07-25
0x234980496c21e6d618a3b44113b61bb4b39096ff,0.337828,0.299999,0.037828,12.60,2.2,2023-08-12
0x37f5e5aabc23e9891c33bf128d6d2e0557225997,0.336702,0.299999,0.036702,12.23,2.1,2023-09-12
0xd4083f91d0ac928961c009547f76340bba56b40f,0.336609,0.299999,0.036609,12.20,2.1,2023-09-15
0x1abd9a93aac31b2622fb711ceebd249c77a945bd,0.333865,0.315021,0.018843,5.98,1.3,2024-07-13
0x589c86cc1f6043f99222843d397ea4e770841cae,0.318219,0.300000,0.018219,6.07,1.3,2024-07-08
0xa87da453a1ef76612903d299374f43bd85b719de,0.298258,0.276742,0.021516,7.77,1.5,2024-04-14
0x76fb10ad41f27198904ca26118c9614095528538,0.285110,0.249999,0.035110,14.04,2.7,2023-01-31
0xc7d5b575c6095104ab81d0aef81a2a2255ea325b,0.285066,0.249999,0.035066,14.02,2.7,2023-02-02
0x6398a5c3d1efcb1b8a09150aacb127df5dc66b94,0.285018,0.249999,0.035018,14.00,2.7,2023-02-06
0xb907c68f78fcdb082e60a167dc4190198121c94b,0.284981,0.250000,0.034981,13.99,2.7,2023-02-10
0xbb4d8ad59073bbbd65cbe557c6d6bbf7b1d2fc22,0.284754,0.250000,0.034754,13.90,2.6,2023-02-28
0x1ce6aee68a48bfc3163bb5686b7ffcbb434c13dd,0.283747,0.249999,0.033747,13.49,2.4,2023-05-21
0x41fd941bb20990b5bec8cb424f19397254707981,0.282736,0.250000,0.032736,13.09,2.3,2023-07-10
0x84b65e1352d8da631291821a5c135ec208d1b691,0.279219,0.264986,0.014233,5.37,1.1,2024-09-02
0x683537e4d326c5dfaaaa6ef9dd9cf85ebb04971d,0.261034,0.229146,0.031888,13.91,2.6,2023-02-25
0xab75ef5160a077d6fa49058e7d9a00a9e533a371,0.258205,0.241696,0.016508,6.83,1.4,2024-05-30
0xd030e6d9c9d0951d7d0e902fb0f27caa66d65286,0.250277,0.219999,0.030277,13.76,2.5,2023-04-09
0x55826f7459236341ee817f0478ee7832cd6f2e7f,0.249085,0.220000,0.029085,13.22,2.3,2023-06-23
0x30c1bd908e3f1ebb8b94eae008a686b87525b93e,0.243790,0.214229,0.029560,13.79,2.6,2023-03-26
0xd920b68db744cbdf5bc8f63b6b2bd560292aab5d,0.238359,0.210000,0.028359,13.50,2.4,2023-05-20
0x1abb0eccaed5e87914ac8f412e19d1f86963c823,0.238098,0.210000,0.028098,13.38,2.4,2023-06-07
0xf109f3b3a73b8201dfa53ad0039e893c163208f3,0.228131,0.200999,0.027131,13.49,2.4,2023-05-21
0x710edcd138c0618afa097bc5f6e9236acad3a324,0.227908,0.200000,0.027908,13.95,2.7,2023-02-18
0xbcf05d19c85aa177a58ece89169fd241700f7d1c,0.227901,0.200000,0.027901,13.95,2.7,2023-02-19
0x9999990bc03c67e331c92fd9275f8dbf2354c723,0.227804,0.199999,0.027804,13.90,2.6,2023-02-28
0xc9bb7204aea2dadd450fff02e63bbcdec67f3dcc,0.227629,0.200000,0.027629,13.81,2.6,2023-03-21
0x6798f75bbc9680b33b9d0660c65f8732a9369cc5,0.226983,0.199999,0.026983,13.49,2.4,2023-05-22
0xb7985a153ff4c8fc197b859f6f7979b126aaa315,0.226909,0.199999,0.026909,13.45,2.4,2023-05-27
0x6c2cc8ea2b54e6a4807502f3a98a839184fea6bb,0.226837,0.200000,0.026837,13.41,2.4,2023-06-02
0xdd7efb05649ca2d7ea7851a0291d442be8d9a2eb,0.226810,0.199999,0.026810,13.40,2.4,2023-06-03
0x0b0f9f02d9aef778433dea88c4bec341d6c86834,0.226759,0.200000,0.026759,13.37,2.4,2023-06-07
0xadc77f672ccf91c722534758564a39dd0f6a80d8,0.226503,0.199999,0.026503,13.25,2.3,2023-06-20
0xb9cf71aad861e7226ef2c07fcd2feed6d0f9a643,0.226401,0.200000,0.026401,13.20,2.3,2023-06-26
0x470d235ca1caff614abee02d98ac3aa89a6758bd,0.226282,0.199999,0.026282,13.14,2.3,2023-07-03
0xeb2913edd64f88813c873bf4320fc03c4e49bdcd,0.226279,0.199999,0.026279,13.13,2.3,2023-07-03
0xa3deb012dca06b12a7e9ae06738fccb4d39a6324,0.225472,0.200000,0.025472,12.73,2.2,2023-08-03
0xe76f1230c61160206306cb55e524d5843bad697a,0.225212,0.200000,0.025212,12.60,2.2,2023-08-12
0x611fa2cd83b61840f4a7229566bf988adfefbfb7,0.224372,0.199999,0.024372,12.18,2.1,2023-09-17
0x5abab1bbccf2b0fdbc15c8603c4ece8b0f7a9fa2,0.223664,0.205358,0.018305,8.91,1.6,2024-03-11
0xb4d391d0cf3eef9e2cb0b940ba04b63c27c041f9,0.179498,0.160000,0.019498,12.18,2.1,2023-09-17
0x35ade8a6d14ec4b4e074179fadccc6ffe6ec7e1d,0.170867,0.150000,0.020867,13.91,2.6,2023-02-26
0x0557bad9103a75d653b7915830553fb7f0829393,0.170669,0.150000,0.020669,13.77,2.5,2023-04-02
0x305938c5c6abb6440f1402cc7488b56fed153c0e,0.169075,0.149999,0.019075,12.71,2.2,2023-08-04
0xa00d8616eaf858394cace2a51331e70ab22d7333,0.152177,0.133700,0.018477,13.82,2.6,2023-03-19
0x139574b23f907867d9661510b64b2ea27d202af8,0.136545,0.120000,0.016545,13.78,2.6,2023-03-30
0x4d11aaa69158595085d13d5e1a2b22c1d0d5f348,0.130536,0.118850,0.011686,9.83,1.7,2024-02-04
0x3421fbacd45c4df3f08ef88a77343db47f130808,0.125165,0.109999,0.015165,13.78,2.6,2023-03-31
0x98b267c74728e49fd14bdeedd7e08f6c610be38a,0.114084,0.100000,0.014084,14.08,2.7,2023-01-27
0x855f1de4e143d90c10e317b65d61e355520e66a1,0.113998,0.099999,0.013998,13.99,2.7,2023-02-09
0x23143909394581265d9866befbbd520645925792,0.113964,0.100000,0.013964,13.96,2.7,2023-02-16
0xefb1b61dac569ac6e8a7b860967978976db4561d,0.113950,0.100000,0.013950,13.95,2.7,2023-02-19
0x9f6c6910a8b1199251a9e213a50a8ba3dfa8d7be,0.113948,0.099999,0.013948,13.94,2.7,2023-02-19
0x58e2eb90a3c7c202e8a35981fd2b89db76d3cf20,0.113914,0.099999,0.013914,13.91,2.6,2023-02-25
0xb6e9b43e89278c4c812f4a20f8c531fadb636808,0.113912,0.099999,0.013912,13.91,2.6,2023-02-26
0xb19c0c3334c18c8e5e779defcabbfabca73905f4,0.113878,0.099999,0.013878,13.87,2.6,2023-03-04
0xbd7dbb5886786af713ebb1841323c528699bd92d,0.113834,0.099999,0.013834,13.83,2.6,2023-03-12
0xf4f2f6f40ec7ef6ff902208d73cbe0a15781cc3a,0.113825,0.099999,0.013825,13.82,2.6,2023-03-17
0xe8e0f659b54934273e1beca7f537fda6d6330d7b,0.113825,0.099999,0.013825,13.82,2.6,2023-03-17
0xb350456aa5835f06446875179510a85cd4a6f9a7,0.113825,0.099999,0.013825,13.82,2.6,2023-03-17
0xadee08871159d69c3c0a1358454f46ec53e9d74a,0.113825,0.099999,0.013825,13.82,2.6,2023-03-17
0x77619d9d3b26aad2a8bd897985ff7f513169d5d1,0.113814,0.099999,0.013814,13.81,2.6,2023-03-21
0x3be4d16e39903e13fbcecef3c2f734b779867b47,0.113799,0.100000,0.013799,13.79,2.6,2023-03-26
0xa7a9e6137d2582fc8bddad6a6daeb8fb985396f2,0.113788,0.100000,0.013788,13.78,2.6,2023-03-30
0x87013cfd02a863d5ed3cad31223a81b59dbfdbcd,0.113786,0.100000,0.013786,13.78,2.6,2023-03-31
0x9cda4188918896c41dd7277fe3d969b7a79285da,0.113784,0.099999,0.013784,13.78,2.5,2023-03-31
0x13b91b3ff58886ace7637e547c53bbc2936d803f,0.113490,0.100000,0.013490,13.49,2.4,2023-05-22
0x5754d57ac28a1454fc84ae8cbc20f5c2d4c19e83,0.113473,0.100000,0.013473,13.47,2.4,2023-05-25
0x9bd48e08e3444b30113812acd52458b35c33803a,0.113451,0.099999,0.013451,13.45,2.4,2023-05-28
0xbe836bf050418a7f3cbf54284d49daca491fe3a3,0.113417,0.100000,0.013417,13.41,2.4,2023-06-02
0x486063e323251ec48e8d11b756d0dfb7a7b5f308,0.113379,0.099999,0.013379,13.37,2.4,2023-06-07
0xaece35fb29ce6bf63a753e0682363c77976c668b,0.113372,0.100000,0.013372,13.37,2.4,2023-06-08
0xf1afd190f76e415b4716c899ecffc4b80020b788,0.113329,0.100000,0.013329,13.32,2.3,2023-06-13
0x2dd3a97aee2c998ac123ff0f71773b7c5f02ca71,0.113226,0.099999,0.013226,13.22,2.3,2023-06-22
0x5dc506e8bf8cdd0ab6fab477443be1032a1a8539,0.112974,0.099999,0.012974,12.97,2.3,2023-07-18
0x0e8a9d56ced084a70926a7b5c1c48eacc441e138,0.112315,0.099999,0.012315,12.31,2.1,2023-09-04
0x97cb59ec8d10caa8731071da366de48c95c149ae,0.109896,0.099999,0.009896,9.89,1.7,2024-01-29
0x276f55a95f8579d1ba13680167d1211bea5454da,0.109546,0.100000,0.009546,9.54,1.7,2024-02-16
0x5c520959d2fdaa686ac0390be107de6c1e19f568,0.109315,0.099999,0.009315,9.31,1.6,2024-02-26
0xbb9ad3062c536c70217a3933af33987730c52602,0.109180,0.097452,0.011728,12.03,2.0,2023-10-01
0x806cf73a306948f0f849d56c1b835fe8eb5b26ba,0.108421,0.095100,0.013321,14.00,2.7,2023-02-06
0xbe3c90d34b757587c62852dcd57f7c8e1bc5547c,0.107353,0.099999,0.007353,7.35,1.5,2024-05-02
0x7e95da20083bcb74fecec9c77966c7d376b5a0d0,0.103400,0.091658,0.011742,12.81,2.2,2023-07-31
0x920c0ab1dcef3c5a22d7fa4b3099b922e93efe9e,0.071079,0.062400,0.008678,13.90,2.6,2023-02-27
0x513d6dce2c7095fdb96d20348f380d6fd1e1cb39,0.063504,0.060364,0.003139,5.20,1.1,2024-09-17
0x91a05a9e5542ace8bcb828799336e52a7729e367,0.061881,0.054643,0.007237,13.24,2.3,2023-06-20
0xf3603d18a019e9394fe68018cae2e155ec01bda7,0.061027,0.056348,0.004679,8.30,1.6,2024-03-27
0x568161f734abf64d5654c79ebeaf2548206efd12,0.056891,0.049999,0.006891,13.78,2.5,2023-04-01
0x0e48387efa5b6e12d97585c53a4324f01c989d5a,0.055985,0.050000,0.005985,11.97,2.0,2023-10-07
0x644cf375a4b5ace44ae55754f0c26206c8c222b1,0.055492,0.052156,0.003335,6.39,1.3,2024-06-20
0x669ba56eb7bd50b3153b5d7b67a2c4530ec84f07,0.053780,0.050389,0.003390,6.72,1.4,2024-06-04
0xb4e312a9107fdcda030c6a3d05472cca107a18e1,0.049724,0.045817,0.003907,8.52,1.6,2024-03-20
0x51fcabacb8c52b52cdface427b7f6a19e405e931,0.048393,0.044686,0.003707,8.29,1.6,2024-03-28
0x8402e7de41a3a99fa72d9b05e8a98c5d5a1c86bd,0.040699,0.037234,0.003464,9.30,1.6,2024-02-27
0xfe7e598eb543834e7f50375f6142b31d0af70a62,0.036993,0.035000,0.001993,5.69,1.2,2024-08-03
0x33898903c17b2b4cf37782535691baebc744e590,0.034139,0.030000,0.004139,13.79,2.6,2023-03-26
0x7395987b2853e625bd12b43aee453106089dad6c,0.028363,0.025000,0.003363,13.45,2.4,2023-05-28
0xc5970e0bc116249877be0a9860b02cf9c97afa65,0.023878,0.022705,0.001173,5.16,1.1,2024-09-18
0x5f6e66c48bd0fb25b5d5ea96739366fa82d354e0,0.023339,0.022010,0.001328,6.03,1.3,2024-07-10
0xaee06bb17cb26800a613c8f80009e856332dd531,0.022779,0.020000,0.002779,13.89,2.6,2023-03-01
0x7804dfdba09a99b4fb341af76bf07d9ace523814,0.022756,0.020000,0.002756,13.78,2.5,2023-04-01
0xaad244d484c5e39f512186c92c0a87752e91cd69,0.022678,0.020000,0.002678,13.39,2.4,2023-06-05
0xf6fe1654cebf900f59ca191d2ab9f87655c0c6ad,0.021464,0.018856,0.002608,13.83,2.6,2023-03-14
0x35e3a5f9a59a441f5b87416ed68eb99753e59171,0.017010,0.015000,0.002010,13.40,2.4,2023-06-04
0x82bccdb471c702949d0792366875cac4e8963970,0.015712,0.013957,0.001754,12.56,2.2,2023-08-14
0xf59d174a282d54c81d898c8d48213b17dc145cc3,0.011708,0.011000,0.000708,6.44,1.3,2024-06-17
0x18a601a02b606ba5c7bd9b53f6371ac7195e7d43,0.011591,0.011000,0.000591,5.37,1.1,2024-09-02
0x4fb77f993102c36734b829152f97c146400eab9e,0.011407,0.010000,0.001407,14.07,2.7,2023-01-28
0x82584a2e294fc67c390f059227490da7390df331,0.011403,0.010000,0.001403,14.03,2.7,2023-02-01
0xcd90f56239d3a90d84e59669e076bffdf9582053,0.011395,0.010000,0.001395,13.95,2.7,2023-02-19
0xdfd5477e42bd164610599471aa848bc9fac1703c,0.011391,0.010000,0.001391,13.91,2.6,2023-02-25
0x737a2059e67d660371f80e98bb505fb33435d40b,0.011391,0.010000,0.001391,13.91,2.6,2023-02-25
0x17d60e33385700247741d8a0c2db0d4ac28130d7,0.011379,0.009999,0.001379,13.79,2.6,2023-03-26
0x4d58d36e46cf9af14e416061fe5d0074780b4099,0.011379,0.009999,0.001379,13.79,2.6,2023-03-27
0x26fdc242eccc144971e558ff458a4ec21b75d4e8,0.011374,0.009999,0.001374,13.74,2.5,2023-04-11
0x921f15bb887c4636b05aa88a1faad71efe8c5942,0.011349,0.010000,0.001349,13.49,2.4,2023-05-21
0x6e42f74d2121fdd08f942b9894ea6d94e223e99b,0.011164,0.010000,0.001164,11.64,2.0,2023-11-02
0xd7a43d3536773521d5761f749e9e04708f061f3d,0.011047,0.009999,0.001047,10.47,1.8,2023-12-30
0x4043a16ed11a63e042dead580869e5cc0c28ea4e,0.010937,0.009999,0.000937,9.37,1.6,2024-02-24
0x11a0f7449c4e1cb3200bc63ce4e75f4859205230,0.010725,0.009999,0.000725,7.25,1.4,2024-05-07
0x7ad668698e921854671299ce8f55142cc469a05b,0.010546,0.009999,0.000546,5.46,1.1,2024-08-25
0x193506cff65057536f1498cce525f42e8e2a9130,0.010545,0.010000,0.000545,5.45,1.1,2024-08-26
0x7b74c1a590d6bc72438cf4efeec41aa93efac4c3,0.010540,0.009999,0.000540,5.40,1.1,2024-08-30
0x226662405c6bcf88d326d8d188bf7f6353714802,0.010424,0.009326,0.001098,11.77,2.0,2023-10-24
0xa4a49243a9a2419ca516ba1d9bba5b6f69ec8aef,0.009573,0.008597,0.000976,11.35,1.9,2023-11-20
0xf40a8862b196e407dae9a81c149c666cfb039c61,0.008739,0.007784,0.000955,12.27,2.1,2023-09-08
0x9465b05e75e0009fcb05335ee45d53707407f56c,0.008701,0.007861,0.000840,10.68,1.8,2023-12-22
0x14dcae28535c4ede02d0b7ec4d5257f7326e0bf9,0.008701,0.007644,0.001057,13.83,2.6,2023-03-11
0x4a2e8df67502872f469924a365418f7515140896,0.007683,0.006837,0.000846,12.37,2.1,2023-08-28
0xb25a5709d165284e93e80cec6364bb9675da03b8,0.007265,0.006755,0.000509,7.54,1.5,2024-04-23
0x8e1ca006a5751cd113eda0a57450d0f58cab0548,0.007209,0.006383,0.000825,12.92,2.2,2023-07-21
0xb6831d2adaac47476e330279a53daae4e127532f,0.006789,0.005999,0.000789,13.15,2.3,2023-06-30
0x534e2bafa204893d8e1b4fd221f77e41f8ec69b9,0.006094,0.005391,0.000702,13.03,2.3,2023-07-14
0x216f5d2c5d0e9437be99f51979f7995f36f1cb55,0.005850,0.005245,0.000605,11.54,1.9,2023-11-09
0xc123110b44d6c5bfd7c963135041a7d80dfa107a,0.005605,0.004999,0.000605,12.10,2.1,2023-09-24
0x04f914c65e72236e93e13caeacaab390c7fd2972,0.005423,0.005143,0.000280,5.44,1.1,2024-08-27
0x67c162b74f096b571e361e191270cdc1ef585591,0.004857,0.004293,0.000564,13.13,2.3,2023-07-03
0x3ca8e884ff2a0fd6b5f7d2860a187dc37fa91474,0.004561,0.004099,0.000462,11.27,1.9,2023-11-24
0x943833dc4a456f0ab396f44c33a641b44012745e,0.004532,0.004238,0.000293,6.92,1.4,2024-05-25
0x95c7c8dad18277ba8e9d96ec67a447e05131eaea,0.003226,0.002831,0.000395,13.96,2.7,2023-02-16
0x0604429d201b358d6b6841fb040c0550a370dccd,0.002168,0.002021,0.000147,7.29,1.5,2024-05-05
0xf636db64af6d003f242b89bdc36cfdc1bfa51b3f,0.001779,0.001677,0.000102,6.13,1.3,2024-07-04
0xd40ac7ac785222c049df233206a0ae6b51afa5fd,0.001587,0.001435,0.000152,10.61,1.8,2023-12-26
0xaf5b763ecd0efde46b8f05d82a246f114ba1b033,0.001369,0.001247,0.000121,9.77,1.7,2024-02-08
0xea697f6adf57219cc61266aadcb9b726d49c012b,0.001366,0.001207,0.000159,13.19,2.3,2023-06-27
0xe9b6a795485fcfd046e3c42d72b5e658cdcc9b76,0.001310,0.001149,0.000160,13.99,2.7,2023-02-09
0xb38c0e97bfdd76dda6a7082271f4d8414a451cea,0.001259,0.001173,0.000086,7.33,1.5,2024-05-03
0x1aeeaa375b4112f537fafdea5aa3bab0e1257557,0.001139,0.000999,0.000139,13.90,2.6,2023-02-27
0x90457df24e85e174e61ec62fbab1a6ef34874d7c,0.001137,0.001000,0.000137,13.79,2.6,2023-03-26
0x2f0d21d91ed0367a8a1b40fe9176da3175b4a4e7,0.000602,0.000530,0.000071,13.53,2.4,2023-05-16
0xe5d1309ab58a54a4390e6c75ca446928721d8877,0.000537,0.000503,0.000033,6.74,1.4,2024-06-04
0xf22977448592ba6dc4e210824c191f5b4375d8ae,0.000513,0.000483,0.000030,6.34,1.3,2024-06-23
0x5affb6eb27f08f2b45a8b891210f0177e13c7ffc,0.000491,0.000445,0.000046,10.49,1.8,2023-12-30
0xc1921a891a991e3b8d229bfe2b1bcd1619502bd9,0.000471,0.000432,0.000038,8.98,1.6,2024-03-09
0xa5401a90ade7c0ae76f2975e921515b8d4bace49,0.000446,0.000423,0.000022,5.41,1.1,2024-08-29
0x7c601f2c87406a9c1e3baea46644eccce8cdf723,0.000391,0.000343,0.000047,13.80,2.6,2023-03-26
0x427d5dbc858aae4203742116deaf4c698e6bfceb,0.000288,0.000263,0.000025,9.61,1.7,2024-02-13
0xdd60ab38131953288ad7772ae09e4f6db0e374c1,0.000282,0.000267,0.000014,5.53,1.2,2024-08-19
0x58e327d64fc77fa36f698989623c3e4f058c8a89,0.000251,0.000221,0.000030,13.84,2.6,2023-03-10
0x53e737d17cd40d5bf9941d3c73f003cb9d3ebff2,0.000239,0.000215,0.000023,11.10,1.9,2023-12-03
0xd16d9132fd2dafa889c82139452dcd4536c61bf7,0.000236,0.000222,0.000014,6.56,1.3,2024-06-11
0xbdfdc9b24dc7626908319f85a9a77139d649331e,0.000222,0.000205,0.000017,8.29,1.6,2024-03-28
0x000a8296832643d3adeb9a20a25a37004c7c0000,0.000132,0.000119,0.000013,11.68,2.0,2023-10-29
0x685dc0a54f03211375e4025eb208eac184f65c0e,0.000123,0.000115,0.000008,7.33,1.5,2024-05-03
0xf370dd83d067126f8faf368ac2bd2e14889b4569,0.000121,0.000116,0.000005,4.84,1.0,2024-10-12
0x93132b318ec633e127e2a3b04623a67872496668,0.000120,0.000107,0.000013,12.21,2.1,2023-09-14
0xb20bf800d0e7411c590a167b9250394c7004a131,0.000113,0.000099,0.000013,13.14,2.3,2023-07-02
0xfd1bd701afb8da8b0347fd6f9af61fc899890935,0.000112,0.000099,0.000012,12.18,2.1,2023-09-17
0xbd21c93ecb4b06c1d23e47cda6dc2d6a469c0989,0.000108,0.000098,0.000010,10.79,1.8,2023-12-17
0xd553d79c276e1de3c2fea230045fb8e003dc6636,0.000094,0.000087,0.000006,7.96,1.5,2024-04-09
0x7024b18ed4f90c1d60ff1eb1f083cee1c74492f7,0.000085,0.000077,0.000007,10.07,1.7,2024-01-19
0xba8dc3583ca5a417b656a52dbceb7c164a12df98,0.000066,0.000058,0.000007,12.00,2.0,2023-10-04
0xfe54f535c14de426b9de31406b5836745cd11e18,0.000060,0.000057,0.000002,5.20,1.1,2024-09-15
0x3071b188e57416f05118ee1de773ed700b088aec,0.000059,0.000054,0.000005,10.35,1.8,2024-01-05
0x78d3ddc334caf78daf0abc2d2ba3927d281afb02,0.000050,0.000047,0.000003,6.46,1.3,2024-06-16
0x3c7be2aab3d3e9982e3150dce53749e9ac9dcf22,0.000040,0.000036,0.000004,12.62,2.2,2023-08-10
0x8279820770c784b14bb9d5b4baa40cf16339d6e8,0.000040,0.000038,0.000002,5.52,1.2,2024-08-19
0x7f5acc4a2f42659ee1a9a0e579ce0f765d52cdbc,0.000033,0.000030,0.000002,9.53,1.7,2024-02-16
0x510382b7f9935b260c4cb3b50a20aa32898cbbd7,0.000026,0.000024,0.000001,6.30,1.3,2024-06-25
0x1cdf7095bee0a0c2843300407b1f919161c4ec4c,0.000025,0.000022,0.000002,11.78,2.0,2023-10-23
0x7928c8c704b3aa79b6ecdd7b3e878613b194a99f,0.000022,0.000021,0.000001,5.11,1.1,2024-09-22
0xf0df33ba650ddfb028c4209a0574ca14d71697d3,0.000020,0.000018,0.000001,10.08,1.7,2024-01-19
0x289cc85611153dff1b57d3435270a1e6c7d7919a,0.000018,0.000016,0.000002,13.22,2.3,2023-06-22
0xf93c48db9ebad55bff7aaaf992b5c0478b1ab69a,0.000016,0.000015,0.000001,7.53,1.5,2024-04-24
0x58bfcdf12230524ae1f1861ec8f07341af569f82,0.000013,0.000012,0.000001,9.84,1.7,2024-02-02
0x5fe0e61645bb6c3f8befa552418ab7c8011367c3,0.000013,0.000012,0.000000,5.45,1.1,2024-08-26
0xee5515e107b7f8bcf4e462f243984627ade6fee7,0.000011,0.000010,0.000001,11.46,1.9,2023-11-14
0x3a66f923e59e969609cd24be579084e363cab0df,0.000011,0.000010,0.000001,13.90,2.6,2023-02-27
0xf0ee3f5bc9bd3f17c0f0350cabb37531009b5477,0.000005,0.000005,0.000000,9.20,1.6,2024-03-03
0x2a01f0b4ab9b7e0764d47f0aed31b60e8279d033,0.000005,0.000004,0.000000,7.81,1.5,2024-04-13
0x06d80c6cce61ebef2eee83f9ae891c6ecc00151f,0.000005,0.000004,0.000000,5.51,1.2,2024-08-21
0xaa6c5bc6b3b7e27c478df81151e95b53a86261bb,0.000005,0.000004,0.000000,10.86,1.8,2023-12-14
0x1858b5a967ce1b57767e5e8a2edf7a4bda8ae108,0.000004,0.000004,0.000000,5.54,1.2,2024-08-18
0x8502633097de462b0e5e0c4f0952abfb0c1be474,0.000004,0.000003,0.000000,13.99,2.7,2023-02-10
0x0c491aafa8b80467cc4319fb0ac5467426a5a674,0.000003,0.000003,0.000000,5.18,1.1,2024-09-16
0x7600fb55e16f5269bf0b1a68fd9a7acf4b6ecf42,0.000002,0.000002,0.000000,9.99,1.7,2024-01-22
0x1d135f6ea1a690bcccd525107007025c17c1533c,0.000002,0.000002,0.000000,10.86,1.8,2023-12-14
0x433b00e44dc28732d633aab498a34ec7ea0abfea,0.000001,0.000001,0.000000,5.48,1.1,2024-08-23
0xd033ceb2f68d29f8b34f39cf0fd61803b3a5f446,0.000001,0.000000,0.000000,10.39,1.8,2024-01-03
0xb7e163c290f1301adc7d37b42ed6d7067093516a,0.000000,0.000000,0.000000,5.21,1.1,2024-09-14
0xf9b6ee4fc17c1f5f8b6748609a260cf1ee372868,0.000000,0.000000,0.000000,12.00,2.0,2023-10-03
0x7613b42824cad4bc91f24650d281a8f498fe9731,0.000000,0.000000,0.000000,6.22,1.3,2024-06-29
0xf2f1e51123084daf7fc63013b60317ccdc05626e,0.000000,0.000000,0.000000,10.67,1.8,2023-12-23
0x9e250ee8ad4a8eef6eb03452813879f086d61441,0.000000,0.000000,0.000000,5.57,1.2,2024-08-15
0x278c647f7cfb9d55580c69d3676938608c945ba8,0.000000,0.000000,0.000000,5.95,1.3,2024-07-15
0xad41ea7e86bf5e515cb66e0f10196b2bf3e08d51,0.000000,0.000000,0.000000,5.21,1.1,2024-09-14
0x55d0315315145b44dcf8da39aa755139fd676fd0,0.000000,0.000000,0.000000,11.48,1.9,2023-11-13
0x562ea83d1e2c6acb5379948fd8044ec2b24a7d81,0.000000,0.000000,0.000000,11.83,2.0,2023-10-18
0xa716bb55e9c62648e81f7a96af28bc639bd52343,0.000000,0.000000,0.000000,13.93,2.7,2023-02-22
0x3e68dba76ff491b659a4e817f489f738fc6eceb6,0.000000,0.000000,0.000000,10.64,1.8,2023-12-24
0x621141c1ba6c40c1a63e7213ed88fba146f19fe5,0.000000,0.000000,0.000000,6.47,1.3,2024-06-15
0x3d4d6da344d7629cb0899fbec79a60f47955e6c7,0.000000,0.000000,0.000000,12.84,2.2,2023-07-27
0x83acc9ffcc10e4c4e6e2d3fd507b5f2114775add,0.000000,0.000000,0.000000,0.00,1.4,2024-06-05
0xefc69c9e026055a2476790efeeb9265b4c0b1b87,0.000000,0.000000,0.000000,0.00,1.4,2024-05-19
0xe9e6d5663ec820bc5bebaca5555120ab6b4a437d,0.000000,0.000000,0.000000,0.00,1.5,2024-04-12
0x8d6e701eedbb427625e07191df504b28de5c518d,0.000000,0.000000,0.000000,0.00,1.7,2024-01-31
0x5f347f11beb1ae0b719a625268e026d4052340e6,0.000000,0.000000,0.000000,0.00,1.9,2023-11-25
0x5dac2501dc3fdb8829f7e86d4ac947cb58e19a32,0.000000,0.000000,0.000000,0.00,1.1,2024-08-27
0x49dab9083e43fb58c96c2afe52741b741fa31d8b,0.000000,0.000000,0.000000,0.00,1.1,2024-08-27
0x453afe7c8149b1b1e6582094ca54c7588282f1c8,0.000000,0.000000,0.000000,0.00,1.4,2024-05-14
0x0c88c5e52885f159ad129f76589d21d4ec23baec,0.000000,0.000000,0.000000,0.00,1.7,2024-01-27
TOTALS (555 users),44701463.087249,41049247.862116,3652215.225133,8.89,,