User Address,Current USDT Balance,2024-10-17 USDT Balance,Exact Yield Earned,Yield %,Years Inactive,Last Interaction
0xd3957ff9f8c697ea4db2820d569bb895ee13a54c,4650298.234682,4139476.323173,510821.911509,12.34,2.2,2023-08-23
0x17aa6d59a1c50aecb160b556d856e41f5c86e634,3491745.906182,3282268.485602,209477.420580,6.38,1.3,2024-06-23
0xa2dfaea03bf2140cab99e3de9f23f568c850b76a,2237706.042278,2108153.986275,129552.056003,6.14,1.3,2024-07-09
0xf0ccdf7a199f291e84ff862052073f2624e13866,1965342.851009,1829999.999999,135342.851010,7.39,1.5,2024-04-27
0xe707fa86bed600eeec49ccd7535acf4495ca1d55,1820853.883220,1700954.999999,119898.883221,7.04,1.4,2024-05-20
0x7ddb30a918e647cd39a43358aa29da5f5fbfc6ae,1795802.835937,1672075.271700,123727.564237,7.39,1.5,2024-04-26
0x69236ea987e7f4db3d9e5f357d6db07af936e7d9,1664185.738014,1526639.678040,137546.059974,9.00,1.6,2024-03-03
0xb000c917e7f7bc69563f1449e04d63759490bc9a,1600197.734833,1489999.999999,110197.734834,7.39,1.5,2024-04-27
0x3630036c3fbf00f58cb43f44c814fe5a38d9caf5,1517016.768414,1436230.361244,80786.407170,5.62,1.2,2024-08-16
0x9f8b51b8187ddfd1e265a3ce044b62c8cfbae43e,1273548.462489,1190322.556405,83225.906084,6.99,1.4,2024-05-23
0x75b6e001206b9522ab3e41b2bf48b67989615450,1212595.732025,1113618.999999,98976.732026,8.88,1.6,2024-03-06
0xaa2073b01faee50f3749fb1a50337fa37a0a7543,1148020.636783,1064132.758380,83887.878403,7.88,1.5,2024-04-06
0x8a6b0587f1cf5e4c1e7a6124b4bc7901b4fa3eaa,1092261.827330,999995.999999,92265.827331,9.22,1.6,2024-02-25
0xa726b9f394254ff50ea5a116fda2c4606ae141ae,1072952.449457,1000303.930138,72648.519319,7.26,1.5,2024-05-05
0x5ef87dec00a19d2b47ee0073d869f7d7feff26ef,1060134.422559,988250.251494,71884.171065,7.27,1.5,2024-05-04
0x01d52767acd484955f4149152f88402fe342175a,1055512.579676,1000000.801388,55511.778288,5.55,1.2,2024-08-22
0xd29f33ea1e3e92f0170a013d389b52ed36870dc0,997607.087571,931114.990000,66492.097571,7.14,1.4,2024-05-14
0x94b337fa9314cb8aebed71cf18e543d4e385e33a,895225.645896,800000.003604,95225.642292,11.90,2.0,2023-10-04
0x5bd411f680e6246f26c8dce63fe5ba87e4ed4924,867029.313716,795369.400255,71659.913461,9.00,1.6,2024-03-03
0x50d1b550f854b785cedf754114e28d496c8a89c1,865336.916990,800000.000000,65336.916990,8.16,1.6,2024-03-26
0xd5a4b1e24feaa799fcf86afd987f607b5eb7cdc0,850163.120740,800000.000000,50163.120740,6.27,1.3,2024-07-01
0x749e1d4b0ac3840cafe31fb16b5981b4958ea834,849653.615240,788057.382044,61596.233196,7.81,1.5,2024-04-09
0xb123183b1ecb4953ece7eb0dc1c1d20aebc4102e,828551.256746,760072.246088,68479.010658,9.00,1.6,2024-03-03
0xab315764f18af7cd7d08d3ad6d447006c1e040de,785359.823098,728080.553860,57279.269238,7.86,1.5,2024-04-07
0xb296f6d5bf6d7e7ffd72cdd244f17d0fffcdbcdf,784757.275612,727522.457324,57234.818288,7.86,1.5,2024-04-07
0x9246730266825e3e826387644ab62357993c9a1a,745473.105449,684104.849970,61368.255479,8.97,1.6,2024-03-04
0xb5ea74623511f6a634ca129f7b90f056919599bf,717366.777877,666341.427381,51025.350496,7.65,1.5,2024-04-14
0xd5cbc0e15b241c61831cc5ba6271b9f5202ada2b,714351.760684,662271.128574,52080.632110,7.86,1.5,2024-04-07
0xfa27eddc9965b73ae0a595199dd27b0b132cf1a8,652824.058255,618026.019826,34798.038429,5.63,1.2,2024-08-15
0x20753c9d4f6084206faf1d661bcdbe496546a76a,644812.628235,612600.086554,32212.541681,5.25,1.1,2024-09-21
0xc9b437b58867846428f28d6c69b28b5e67503e8d,631725.056451,600000.052767,31725.003684,5.28,1.1,2024-09-18
0xa053f24a5715a86a81152947d1d67d2e6b4ad642,595597.237994,559099.999999,36497.237995,6.52,1.3,2024-06-15
0x17e384e635ff4a7643ccdb37b553c51008e41baf,549848.139846,506548.972495,43299.167351,8.54,1.6,2024-03-13
0x91d81d8ecf4bbcbc8f313cb29cad291acdc25ca3,549315.461172,501930.632248,47384.828924,9.44,1.7,2024-02-14
0x402fcc388977ff03e550b790d20727db555fc907,540114.132441,500019.077129,40095.055312,8.01,1.5,2024-03-31
0xc4866ea19ca2cc8fee5ac5af8e4cb377e8aa32ab,539429.076588,499628.250059,39800.826529,7.96,1.5,2024-04-03
0x9ea490276db87535b270c1d0ccbf6229384639dd,527128.083165,500000.000000,27128.083165,5.42,1.1,2024-09-03
0x3089d0b378640e6e221dd47e3d9455e3a93d1de6,526437.256437,500000.084942,26437.171495,5.28,1.1,2024-09-18
0xec2e59d75ec306028d6d173cde83e6b6ccd1cecd,526437.236007,500000.000000,26437.236007,5.28,1.1,2024-09-18
0xa18da510f633cb665749a7566cef89b88dac4dd3,501181.767654,460852.127000,40329.640654,8.75,1.6,2024-03-09
0x93492c0547922ff99715d5c9ec2c7d15e687126e,499410.993577,466124.229999,33286.763578,7.14,1.4,2024-05-14
0x161493ab00f1b63452a264a7767e2c32ce0216d1,482017.972062,450646.688396,31371.283666,6.96,1.4,2024-05-25
0x08847f83da365b14cef15ef9970a8832cbe8aed1,436210.454470,407330.399631,28880.054839,7.09,1.4,2024-05-17
0x0361ad5fb51fbe4c06add43a305fbfb814730959,435664.167442,399999.999999,35664.167443,8.91,1.1,2024-09-23
0x5e7df17a0621decb54363633a68caea61374fedb,427714.625626,402478.508909,25236.116717,6.27,1.3,2024-07-01
0xc971cb6fa800d0e7a4179e11e48a84654fdb00f7,421149.135501,400000.012928,21149.122573,5.28,1.1,2024-09-18
0x16beb34c80f4d6878aeccd6bc250a74070b9d55d,418332.414537,376131.152061,42201.262476,11.21,1.9,2023-11-15
0xa03e34aee8e78f3b44f83a114a111a5879d0388c,341649.032638,315486.338678,26162.693960,8.29,1.6,2024-03-21
0xfe9e452e1a2750825181319a9846a56ba37f0322,334559.438765,300000.000000,34559.438765,11.51,2.0,2023-10-30
0x0f656953ba2ea570d6742f88becbe2e510c3b8c6,320664.070194,300778.961316,19885.108878,6.61,1.4,2024-06-11
0xefd2ae8eda1c2c0bfb94ae773972a4d7b837bdaa,318061.038220,300000.015621,18061.022599,6.02,1.3,2024-07-17
0x32d769096151e09320cd93c8a9d62d20eb62f571,294706.441135,275625.974887,19080.466248,6.92,1.4,2024-05-27
0x542dd5e19d5f044ac0d845b785b4e40f1df67dc4,273346.132291,242419.514361,30926.617930,12.75,2.2,2023-07-22
0x9794de0789ce02ce0618e60fc096b9a27c875d61,269116.639965,250000.000000,19116.639965,7.64,1.5,2024-04-15
0x9dc0f1b3186e7e38e098280b2bde7f0f4d73d172,268661.714717,252485.142305,16176.572412,6.40,1.3,2024-06-21
0xeb872202dac619cb43cab4e0be11e9b291ca4174,266352.258029,252028.000048,14324.257981,5.68,1.2,2024-08-10
0xa260e339d4177256330449200ff5aba0c369b0d1,242328.948316,223859.986441,18468.961875,8.25,1.6,2024-03-23
0x45acaeffe9a5445d502597cd1e20354e96c27376,234073.327840,218471.385999,15601.941841,7.14,1.4,2024-05-14
0x3250c73825d6383f48b49b7d472050baf5a4efd8,223777.351509,210459.353499,13317.998010,6.32,1.3,2024-06-27
0x9a99089971badbae566390eb700fde50fda18dbd,219682.959183,209002.639314,10680.319869,5.11,1.0,2024-10-06
0x32a1f802a42f60d24723588bad2ea28645c3af4b,219280.341265,200682.000000,18598.341265,9.26,1.7,2024-02-22
0x83fb42259149eba487a40177aa78070964b01f06,215974.862024,200317.041215,15657.820809,7.81,1.5,2024-04-09
0xd5f709eae1e3ae041c1d2dcad71b3928a6381df8,214511.386638,201975.497975,12535.888663,6.20,1.3,2024-07-05
0xdbbc63adcd6e33b38b0dadfc743a46625ff33336,214098.342804,200000.000000,14098.342804,7.04,1.4,2024-05-20
0xfffa7919dac9bf800188afd9b6b3b655ea857121,212656.411962,200000.020020,12656.391942,6.32,1.3,2024-06-27
0x8e3958c6c7dab41a9df81dae5e3d76a70acf70ff,205664.191840,195870.799752,9793.392088,4.99,1.0,2024-10-16
0x05fee579b07abfa44f48ea82a044b039ead95a97,193215.617996,180000.000000,13215.617996,7.34,1.5,2024-04-30
0x1b22eec69e2e10cf8a29a8dff409d11df3dd098c,189819.498325,179999.999999,9819.498326,5.45,1.1,2024-08-31
0xa81b4eb2633595299139d9f0d1d2fe3f5b8d767c,187540.726076,175363.433725,12177.292351,6.94,1.4,2024-05-26
0x2c69ff1fb4a768a4c57f827cbda6f8ca6e2125e7,182327.363051,171796.362527,10531.000524,6.12,1.3,2024-07-10
0xe99defbdfffa8d01631c6d8a1bf55609d33364e1,176624.539288,164851.859999,11772.679289,7.14,1.4,2024-05-14
0xa04e482ef0acce05bcf8768ece9379660c9a8e5c,175559.620619,154720.524674,20839.095945,13.46,2.5,2023-04-17
0xc5fd5a8c4af5bc62ee80f495ecc0fb2d1df6b06a,170470.571134,153756.354699,16714.216435,10.87,1.9,2023-12-08
0xfc68f7b2129437daec38a4329595135745a91100,167343.405298,150002.435016,17340.970282,11.56,2.0,2023-10-28
0xce7d0f3b54302e81f1dd718f52cfce7135b86de7,166241.319752,155160.589999,11080.729753,7.14,1.4,2024-05-14
0xac357895ec30e9a0c90cca9b8e9d12f120d94b4b,163421.160016,147087.187995,16333.972021,11.10,1.9,2023-11-23
0xf82288e4d3acdadbd40373fb079e32b2891ee8ab,162978.193019,154925.528949,8052.664070,5.19,1.1,2024-09-28
0x76dea463f6917024cb7aaa2b81f4df166a336028,162660.638042,149999.999999,12660.638043,8.44,1.6,2024-03-16
0x2eacefb0cc8de2a5d883e8545f406780c52796d0,161049.201331,150000.000000,11049.201331,7.36,1.5,2024-04-28
0x290830935bc51669002e8fbe601b72174949514d,159520.098491,149989.757753,9530.340738,6.35,1.3,2024-06-25
0xb6a6a47f55274e3725601198e64284298e4f72f0,153541.255762,139738.564537,13802.691225,9.87,1.7,2024-01-22
0x78052f80fa04e28bf145db0ac55df3bc4579a9dc,153505.544884,139677.336020,13828.208864,9.90,1.7,2024-01-21
0x477f360be7da3ceb875d27ec3a5856051a1f9287,152444.299589,143278.000000,9166.299589,6.39,1.3,2024-06-22
0x1f71c7023de1291f42f8983dc926858fad47863a,150726.753871,140000.000000,10726.753871,7.66,1.5,2024-04-14
0x15f9fdbcc7a45c8603a929a08665dbe31691a803,136768.023902,123533.408968,13234.614934,10.71,1.8,2023-12-14
0x734844f3e577876fdc60d1b230a354520d571712,134275.367451,127020.999999,7254.367452,5.71,1.2,2024-08-08
0x3a36d3bbebaea0cb6213e07a99ff6db15e903fd2,129583.990937,118742.282663,10841.708274,9.13,1.6,2024-02-28
0x6b13288096f534b7ba79476792570996f0f18d48,124126.034650,117081.972925,7044.061725,6.01,1.3,2024-07-17
0x1fbc554caff6c1b4c00a692c9849de62de97e29c,121986.753814,114525.202774,7461.551040,6.51,1.3,2024-06-16
0xa7ff3485d1fa39c2600339ef47f8e481133a6170,117973.117589,108952.000000,9021.117589,8.27,1.6,2024-03-22
0x13906045e62f0c0aa6b01fd14ca164817e3e474f,111553.795948,104095.478981,7458.316967,7.16,1.4,2024-05-12
0xb8534de9ea7177ebc6eb053d16ccf1b612bb0b74,110024.565170,100000.000000,10024.565170,10.02,1.8,2024-01-15
0x64e3af5f037c703ee607d5987052e40422f48961,109912.109466,101792.728428,8119.381038,7.97,1.5,2024-04-02
0x3f20ba5123f6aa15c3ea4e2126e0d9838e10100e,108304.794255,99999.999999,8304.794256,8.30,1.6,2024-03-21
0x71e867d0f74241a1bf213ace263b386e66753dec,107616.940514,99999.999999,7616.940515,7.61,1.5,2024-04-16
0x84baf12339b11549c53615a1666a2448ac7aba02,107583.484074,100196.350000,7387.134074,7.37,1.5,2024-04-28
0x6d291838034e275d63f3025ec655b231937136ca,106834.679228,99999.999999,6834.679229,6.83,1.4,2024-05-31
0xfdde4918dd6d75424b1ddf3847847a5cbec8f918,106248.087532,100000.000000,6248.087532,6.24,1.3,2024-07-02
0xc0465575ac5970bcbe8bf6bbeca62a3d83856e9d,106014.951417,99999.999999,6014.951418,6.01,1.3,2024-07-17
0x2c6e9f38794d58a8f70b5078be1ecbd27dc0ef6a,105799.227196,100094.999999,5704.227197,5.69,1.2,2024-08-09
0x27ff3a26da2d5a79b26541116b0744a85344ce01,105560.248213,98098.537990,7461.710223,7.60,1.5,2024-04-16
0x623608c844352c13b1b01e947648235fc10f2630,105365.567592,97106.708644,8258.858948,8.50,1.6,2024-03-14
0x14691f387f613a054ccb49a21dcada02ed031d95,105163.300221,92392.895791,12770.404430,13.82,2.6,2023-03-12
0xdcff7e1179b33facce17a35918444a9d8aa15533,96060.001882,89999.999999,6060.001883,6.73,1.4,2024-06-05
0x5df59eb4f7bf1001df6d30d1da47dc0f9e42165f,91358.707253,84930.031893,6428.675360,7.56,1.5,2024-04-18
0xca52f80af7fad1e8a3c100d16052287e3eb932e9,86669.801160,77999.999999,8669.801161,11.11,1.9,2023-11-22
0x28ae1033ebd711f272755e90375433cc852b60b1,86100.296738,79115.511440,6984.785298,8.82,1.6,2024-03-07
0xc7ab1325eebd082ecd0448173c9733ed133a9c18,86072.982033,75864.043836,10208.938197,13.45,2.5,2023-04-19
0xf6d1fcddda5f323930f9137e299b571a930bb14d,83981.652794,77415.963815,6565.688979,8.48,1.6,2024-03-15
0x9c5c88abc33a6a26896458010ffdb70a0d26cdfd,83541.086720,78515.783481,5025.303239,6.40,1.3,2024-06-22
0x5fd996a7beea75851a029d81246b7fbdff536c81,83005.679536,75450.696634,7554.982902,10.01,1.8,2024-01-16
0xb9d662f75782ac0668f058dbc10ab047f142124c,77048.060306,73179.235609,3868.824697,5.28,1.1,2024-09-18
0xd76af7567c2e070f0aa35dd4b94c58f04ef4afe7,72548.238605,64962.709932,7585.528673,11.67,2.0,2023-10-20
0x80e56e79ccadf2424350d338c9794b04d3755a05,69878.852649,64382.626146,5496.226503,8.53,1.6,2024-03-14
0x1614837f61d4c272b781ac958ae9c0b09ce43f03,69841.341723,65679.853600,4161.488123,6.33,1.3,2024-06-26
0x1930a0d9a0aab063020e8edcef8710f4c7c37ac0,68824.509903,64629.179999,4195.329904,6.49,1.3,2024-06-17
0xab9e00388763080ebab50126d55654a15c349a7f,55705.145685,52372.993665,3332.152020,6.36,1.3,2024-06-24
0x8a5e51d4883aebb31ea7efe044fd4aa607273f36,53769.525827,50260.258070,3509.267757,6.98,1.4,2024-05-24
0x01f6aefb45c655e2a4205e206fc01ca0532248a5,53717.593627,50000.180000,3717.413627,7.43,1.5,2024-04-24
0xe440599f8733343107647f6d0ddc5f3afdcf924d,53161.260101,49999.999999,3161.260102,6.32,1.3,2024-06-27
0xfd21457308d0243cb1caa6392e2c06d632355bd2,52954.914595,48490.961041,4463.953554,9.20,1.6,2024-02-26
0x4f56a624f8e014b829f712d038f79e45fb044889,52546.713165,50000.000000,2546.713165,5.09,1.0,2024-10-07
0x4344343ed23ddf37b412ca9816c7c0eda575c709,48853.835137,46129.999999,2723.835138,5.90,1.2,2024-07-24
0x0381d6213f4af858406615341ed83cfead3f8297,48083.761380,45256.755580,2827.005800,6.24,1.3,2024-07-03
0x31f14f18b24397459194fa3bb841c2d329ccdba5,48023.802012,43051.658556,4972.143456,11.54,2.0,2023-10-29
0x9211f0ee86bdb808e03ca4b42433c90ce956b8db,47662.520779,44999.999999,2662.520780,5.91,1.2,2024-07-23
0x6163eb3349247007caba6b2673b0253d4a7efa58,47198.231906,43720.000000,3478.231906,7.95,1.5,2024-04-03
0xfa92817e416db619c6d15c9ec7a04ac2ddaaa933,44932.304307,42254.999999,2677.304308,6.33,1.3,2024-06-26
0x458660ef6890276c864a42406551c8c9e1fa25da,43446.940927,40981.379243,2465.561684,6.01,1.3,2024-07-17
0x366fed46230fde6b2ba735c9f13f887f3eb38626,38966.363766,36365.204489,2601.159277,7.15,1.4,2024-05-13
0x443b8fa956b992225c4a5e9cec7feee123ef257c,37804.655442,35000.000000,2804.655442,8.01,1.5,2024-03-31
0x1fd7a1536731a6cf41aba4e4ad6cab7281ae0a13,36864.176801,35000.000000,1864.176801,5.32,1.1,2024-09-13
0x2222afdb1c69772004c9e0052ae50cc05ad4aaaa,35865.279870,33567.239276,2298.040594,6.84,1.4,2024-05-31
0x3e3d98f98feb880b67e5d65d4206efa1ec95a79e,34799.204645,32227.881152,2571.323493,7.97,1.5,2024-04-02
0x9a3c61c87364bc42d8b2f262b7ad9e1c0e2e8634,34062.718979,30000.000000,4062.718979,13.54,2.5,2023-04-08
0x368257672c98f6ec571537e71deefb9f91404f6e,32748.137379,30000.000000,2748.137379,9.16,1.6,2024-02-27
0x54eb6e71ce781fcb6f0238472c8a108ac8967cb7,32664.342585,30000.000000,2664.342585,8.88,1.6,2024-03-06
0x3207bf0bcb0f61676561ac27b23bc3c294bbd2be,32561.971858,29999.999999,2561.971859,8.53,1.6,2024-03-13
0xe799a0ebd6bf7ecd794edf816985e71c984983fa,31884.147984,29318.076349,2566.071635,8.75,1.6,2024-03-09
0xf542e1633d6f360d3721549c38278c1088eb8155,31798.727021,29995.820029,1802.906992,6.01,1.2,2024-07-18
0xf1221a4cb7d88d09b5f1b68ff02b36ef81fa37fb,31552.279195,29553.469998,1998.809197,6.76,1.4,2024-06-04
0x05822d7fccb8e2d6291db3701a1c22a5df262aee,31528.821415,29999.999999,1528.821416,5.09,1.0,2024-10-07
0x3820ea9e718f9e6a9abea715ce49fd5374c28595,30073.420224,28000.000000,2073.420224,7.40,1.5,2024-04-26
0x2a83b9c956c2553ee4812fce708c33c79a423a02,29894.827944,27506.003507,2388.824437,8.68,1.6,2024-03-10
0x24df6c66647088da4e2a45c7ff56c50b064334a1,29840.039565,28075.394301,1764.645264,6.28,1.3,2024-06-30
0xe7a5d6f77b1d4a200fc3f069cb9edd50cf374a40,28538.813493,26908.328204,1630.485289,6.05,1.3,2024-07-15
0x5a939f77d812bd4474c461eba8b20e3488ee16aa,28501.547363,26873.175079,1628.372284,6.05,1.3,2024-07-15
0x5bd299c240e2f9d19a6517cbb4e37c6b71da948f,28184.134769,26579.400855,1604.733914,6.03,1.3,2024-07-16
0x7b36ceec55185d55cb41f58ec5716f2897364169,26942.655773,24999.999999,1942.655774,7.77,1.5,2024-04-11
0x8e221435fb67b574106153c2385ff236ce7f286e,26647.737033,25000.000000,1647.737033,6.59,1.3,2024-06-12
0x16f2f0504635ac19c6e38cc177f7a932d0d6a292,26560.935072,25237.955284,1322.979788,5.24,1.1,2024-09-23
0x58a39fd3a5f081fed25072ab89edca0527d65839,26390.692528,25000.000000,1390.692528,5.56,1.2,2024-08-21
0x313b39707b3945b5f4937193e0763ffc4ad32563,25302.031733,23984.126636,1317.905097,5.49,1.1,2024-08-27
0xd76960b227458f41e57f6d090b5d9e1ec5ff0dd9,24874.655482,22791.788775,2082.866707,9.13,1.6,2024-02-28
0xfb70b4653b88388e256bc091c2d0b602dc251c15,23032.500496,20683.528817,2348.971679,11.35,1.9,2023-11-08
0x7ac71b1944869c13b36bfb25d7623723d288e6b2,22488.378431,21329.249124,1159.129307,5.43,1.1,2024-09-02
0x27ae7853aee90472dbfece89111fc52d29ec4821,22294.734757,19999.999999,2294.734758,11.47,2.0,2023-11-02
0xb1df9b67e13ea46ce4c66523a19708ab720a2465,22172.837341,19999.999999,2172.837342,10.86,1.9,2023-12-08
0xdb5f9b2869cec66382790cfe883fbbfa8a1f6b27,21619.460840,20000.000000,1619.460840,8.09,1.6,2024-03-29
0x5a709280bd6e217f0894d872defe7222b440560e,21545.436377,19999.999999,1545.436378,7.72,1.5,2024-04-12
0x59c121885e447f930fed9434ff1f61bfeb6adaf1,21461.895856,19999.999999,1461.895857,7.30,1.5,2024-05-02
0xf42226488912cf647bcdf9050133e3aa473dd15c,21419.543265,20000.000000,1419.543265,7.09,1.4,2024-05-17
0x9c198d57bc8a66da8f3485852c5b49862dc3c41e,21176.575591,20135.196941,1041.378650,5.17,1.0,2024-09-30
0x86f0cae9e5186aba8345d7c6bef9d5b865f6c354,19995.538641,18583.013459,1412.525182,7.60,1.5,2024-04-16
0xe1b02b929c5c0bf4a114fe8bf6aa7debe960f4c8,19037.660240,17869.292019,1168.368221,6.53,1.3,2024-06-15
0x5dae7191b7ff0328ce8924a17b2c71a107c1b4f1,18403.427747,17489.737631,913.690116,5.22,1.1,2024-09-25
0x09b1062393c4d59ef858f285adda1b4be0772965,17713.572552,16698.892249,1014.680303,6.07,1.3,2024-07-14
0x2e21358ecf609d76867ff3c6d2edc3b6cb26c098,16933.900339,15000.000000,1933.900339,12.89,2.3,2023-07-06
0x6046b6224cf6ca6723d0aa2f2a80fcccb984a564,16075.434639,15280.786896,794.647743,5.20,1.1,2024-09-28
0x4ba6e4e6c43c9433a30f26b08b01dd119d37eec5,15986.125372,14641.943133,1344.182239,9.18,1.6,2024-02-27
0x0a7c2d6cdb7d6de8195be3bdc03f5f959412e101,15664.998493,14179.101360,1485.897133,10.47,1.8,2023-12-26
0x9134fb7f9663257f99225d01ef18a516fa820d12,15190.867963,13742.673581,1448.194382,10.53,1.8,2023-12-23
0x4359c0b7807bc75e1c44f85039d197e205ed77b1,14344.483916,13000.000000,1344.483916,10.34,1.8,2023-12-31
0x7f08a31c76f839faa427833ca593ed1dab8f41bf,14198.986870,13379.952712,819.034158,6.12,1.3,2024-07-11
0xafa0535bbdaf4e895ceec9f89ec6bc945a9291b5,14095.617791,13072.743253,1022.874538,7.82,1.5,2024-04-09
0x2a8059a158b936bbe3613099687fa0eaa4f2978c,13643.728130,12500.000000,1143.728130,9.14,1.6,2024-02-27
0x522d1479f01569797669617560feeca6c91ad28f,13194.877184,12411.831900,783.045284,6.30,1.3,2024-06-28
0x370ebcc44975525cbf023a23c6099a48bd5bdc40,13124.356421,12344.734342,779.622079,6.31,1.3,2024-06-28
0x412c9b7a0664456450fe050684a615d0b02be908,12885.436267,11999.999999,885.436268,7.37,1.5,2024-04-28
0x13375c2d4dfbcec985d0fe6c628e39370bfd7875,12672.782475,11423.221735,1249.560740,10.93,1.9,2023-12-05
0x6711df3281468c4e3e2db2d3e9fe1ac1ea09f571,12553.564565,11787.335568,766.228997,6.50,1.3,2024-06-16
0x9fab2a1068d6c06e93665f59dde8f171247fe0d1,12515.505813,11756.903412,758.602401,6.45,1.3,2024-06-19
0x83e6bc5b26b267ec5c241e1675c2ecb3dc4eaf01,12368.619729,11710.015373,658.604356,5.62,1.2,2024-08-16
0x897d7060fd8626450670b5ba768a9cb5b0080e0e,11941.409083,10996.889470,944.519613,8.58,1.6,2024-03-12
0x6f005647031f80e24cf1709e19efbf12be518882,11656.476977,10937.788610,718.688367,6.57,1.3,2024-06-13
0xcee8513435b77a56b8e93561c0944f0b31181a63,11638.863414,11009.086918,629.776496,5.72,1.2,2024-08-07
0x3139c05f9a57c5e07a74e525121a5787be4f0b53,11637.726329,10980.754729,656.971600,5.98,1.2,2024-07-19
0x9586ec8f4c9557e51e59322a0f36a609fd642f5b,11376.054329,10698.889730,677.164599,6.32,1.3,2024-06-27
0xe88fc634955d515133e4929786dab5e1f8ca8235,11189.533318,10471.837082,717.696236,6.85,1.4,2024-05-30
0x05433cba1cdefdfba4991f9786469b2c1a6e5a54,11030.504014,10000.964159,1029.539855,10.29,1.8,2024-01-02
0x7a91033e7a5d13baba47dd8f587a905dd160d323,10978.458172,10061.429999,917.028173,9.11,1.6,2024-02-29
0x7efb6e43abd7bc4027b154583f768be77c959432,10798.556114,10045.462629,753.093485,7.49,1.5,2024-04-21
0xd9b3efe89c5dba3e8fd31a21a4394adf1ded002e,10777.330347,10059.015809,718.314538,7.14,1.4,2024-05-14
0xc0b90d6c8aa81ffc44db11f896c8edb90adf7df6,10736.454470,9994.015651,742.438819,7.42,1.5,2024-04-25
0xabcd58c93b04b9b8ae510d03c284b254847c8173,10663.412739,9999.999999,663.412740,6.63,1.4,2024-06-10
0xa5d2b2b2be2c95bb67f7abea2486f06bfdf0f4fc,10633.651046,9896.610000,737.041046,7.44,1.5,2024-04-24
0xc7db2e2d48982266c338ca34b70cd44d43cdb843,10627.564262,9993.999999,633.564263,6.33,1.3,2024-06-26
0x54936b3c615ad5882429189d5169f8eae733eb34,10583.669956,10011.785083,571.884873,5.71,1.2,2024-08-08
0x6ab9d5ad9d45ccba5bbee78dfd64a1323fb175c5,10562.729156,10000.000000,562.729156,5.62,1.2,2024-08-15
0x811385ae3fff3aec879b445ca87945652a17fad8,10498.822773,9988.179999,510.642774,5.11,1.0,2024-10-06
0xfc16caa1a8525933b4f8e61cf86f6a09dad8c90f,10076.071518,9480.313240,595.758278,6.28,1.3,2024-06-30
0x4518302587d1d2011aa5994b219b879f223eff19,9134.497469,8198.739122,935.758347,11.41,1.9,2023-11-05
0x8ac86e8b75f1ae50b85d2415c4d7a57daed3895b,8914.608555,8449.712209,464.896346,5.50,1.1,2024-08-27
0x6a0114e13b7679226f9c57070cad526e914baba2,8704.123557,8240.673908,463.449649,5.62,1.2,2024-08-16
0x41e31925e9b3973100efa17b353e58189f16d71a,8622.091642,8109.241494,512.850148,6.32,1.3,2024-06-27
0xaa9d2a4ff4ae8b752ae4b9adf45361988a5ed211,8452.472022,7900.000000,552.472022,6.99,1.4,2024-05-23
0x428d13e3c7c55de2a6cff21de28c1a5510c672ee,8320.608617,7699.999999,620.608618,8.05,1.6,2024-03-30
0xe8757c1fc381cf92f190f74ed889bebd13bcd489,8181.301419,7738.615050,442.686369,5.72,1.2,2024-08-07
0xddc91edf1073a2e0f68a03ca692d9c5dcd2ce61a,8167.621175,7534.711518,632.909657,8.39,1.6,2024-03-17
0x675fca8f990dd76ad1c114f84dd455da213ce55f,8126.543364,7566.275993,560.267371,7.40,1.5,2024-04-26
0x30f980d5db2be9d036f521ac63f413e52348198c,7804.229298,7269.999999,534.229299,7.34,1.5,2024-04-29
0x0b05eeb0d22c868923e85c0f1b6c16665df16c41,7803.580182,6987.388133,816.192049,11.68,2.0,2023-10-20
0x5385f00e73bb2f4ffa54482c9200f52adad5997b,7349.625653,7000.000000,349.625653,4.99,1.0,2024-10-16
0x5e40194b89a4979fb979c13b9f96716e8d4af995,7349.230696,6458.123684,891.107012,13.79,2.6,2023-03-13
0x196e7c763d74f103f7f1ead983b0672d70373398,7103.913906,6722.252461,381.661445,5.67,1.2,2024-08-11
0x4094aed67957368ab36bd7eb40ec4c11f763086a,6256.209723,5930.304265,325.905458,5.49,1.1,2024-08-27
0x4db8b4461c10d14161833e69808ec06d4aea33e0,5833.066835,5500.000000,333.066835,6.05,1.3,2024-07-15
0x295829c2dfb34bfd31563e87ab151262bed7b5c3,5614.180385,5199.999999,414.180386,7.96,1.5,2024-04-03
0xa0e1d231cd434e9569ec6aafe5a7276c847a5902,5613.359971,4999.999999,613.359972,12.26,2.1,2023-08-30
0x1fd4972ef99ea3aa6e94e7bb26cc6c52eb910666,5424.721767,4999.999999,424.721768,8.49,1.6,2024-03-14
0xa38ee6e0398ed9d632ce8df24bb6e4e15368c74f,5337.510436,4999.999999,337.510437,6.75,1.4,2024-06-04
0x04783750336a608e86f03ac89c81339ee8d30eec,4871.517281,4376.506804,495.010477,11.31,1.9,2023-11-10
0xde86b8c43a32f445b1419cc4d3af807aabefcaa6,4863.603514,4552.735993,310.867521,6.82,1.4,2024-06-01
0xb29e8e3820a9dbd07d2b442be0bf07c31385937f,4489.830857,4268.663711,221.167146,5.18,1.0,2024-09-29
0x8395d0c177153f39e75d431aee2ad5b606d287b9,4438.736701,4141.199939,297.536762,7.18,1.4,2024-05-10
0xdace0f7e3e21222e90a9909bda7bb2c1f17c917c,4377.950349,3928.561117,449.389232,11.43,2.0,2023-11-04
0x1c32d60bec8e36904f2d6779f45350fc926463dc,4346.799848,4038.748085,308.051763,7.62,1.5,2024-04-15
0x923fe0dc3b2b3477d921ba8859e6b68f5cd97715,4292.364735,3925.358294,367.006441,9.34,1.7,2024-02-18
0x86eb29176c698f628fad2e83aeb7f48f0aab2595,4237.875976,4001.590727,236.285249,5.90,1.2,2024-07-24
0x2671d3095b6603027c3b39e3d427e583bad41b39,4112.143072,3905.270829,206.872243,5.29,1.1,2024-09-17
0x4cb4ab66027237ca5681a1b19b3db3602668092e,4023.777642,3765.669000,258.108642,6.85,1.4,2024-05-30
0xc15fa8bcfbd578cfa86f81991303c6d05500ae00,4004.719787,3721.087942,283.631845,7.62,1.5,2024-04-15
0xf22e93c1ce4e4c3cc12f005b419fd68e27fcfa44,3460.904516,3248.825035,212.079481,6.52,1.3,2024-06-15
0x4cdb3dd9ca149f3e9338cb51854f5da4ff804eb7,3381.071782,3018.921340,362.150442,11.99,2.1,2023-09-27
0xa94ec1ae44e42d7a3bc2d1dc3dba033e376570e7,3348.611770,3050.000000,298.611770,9.79,1.7,2024-01-28
0x8b57c47c42284d47f72e18ee19d4457b439fa5d2,3344.780532,3100.288803,244.491729,7.88,1.5,2024-04-06
0x0ae4283e9dcacd6821c752bafb2cff208da3528e,3342.943232,2999.999999,342.943233,11.43,2.0,2023-11-04
0x1e535e95a03482bc715747b859bbefd5ef1e348c,3306.650035,2999.999999,306.650036,10.22,1.8,2024-01-05
0x4e1a7b3c99ffb4a739c49e19222ded2f5fe95a4c,3234.842704,2950.251227,284.591477,9.64,1.7,2024-02-08
0x518faa2b3adfdf49b2c9ec0d820bd4fcecea89ea,3160.580529,2999.999999,160.580530,5.35,1.1,2024-09-10
0x018f4b918a24de93be4e5ffccca4e895fe7a9167,3144.243333,2752.812330,391.431003,14.21,2.6,2023-02-23
0x6d5c73cae963ef991667a4ddf7b4f644aa2cc1e2,2889.786117,2746.994363,142.791754,5.19,1.1,2024-09-28
0xd153b70f4a51b752348adec9794dcb8b029827be,2773.559847,2490.069999,283.489848,11.38,1.9,2023-11-06
0xf15d73ddcfb8acfff2c2c3967c545e32f31deed6,2767.659261,2501.354156,266.305105,10.64,1.8,2023-12-17
0x75a70b3f24eb6f32e75b53fbe9315111d05851d0,2700.519967,2512.990877,187.529090,7.46,1.5,2024-04-23
0xfb9071f5ffa126cd2fd5f77cca0d018d1673b83f,2665.996443,2493.599999,172.396444,6.91,1.4,2024-05-27
0x9752658697772f01200d5d3b5e78a2dc010de4b8,2555.931108,2399.999999,155.931109,6.49,1.3,2024-06-17
0xb412a21d52c9797670c2a829bc94d887b6dd4ef8,2344.705498,2138.259534,206.445964,9.65,1.7,2024-02-07
0x2a0fdc5be483b2bedaa5c21e492f5d970a0f6239,2340.462105,2220.999999,119.462106,5.37,1.1,2024-09-07
0x11495083ed996614f12651679e873678e9f19097,2235.408720,2000.000000,235.408720,11.77,2.0,2023-10-16
0xf3ae9855f0763912c4bfeab120e56dc2a0d48ea5,2139.837745,1884.763299,255.074446,13.53,2.5,2023-04-09
0xd63be790d66565017519e464e4f70ca2004cefaf,2130.830552,2013.969774,116.860778,5.80,1.2,2024-08-01
0xc73950b3ce37ac339c99893b9da25c8bea18b344,2084.717531,1830.672231,254.045300,13.87,2.6,2023-03-12
0x3382dda354258090cf109e26dddd632f9be6eab2,2001.896527,1778.132662,223.763865,12.58,2.2,2023-08-01
0x62aeb0bd01e223bbd6f3a099dce1d116277b1deb,1839.947650,1682.438372,157.509278,9.36,1.7,2024-02-17
0x98f97b3fc1a536e25a0f1839d0eb9ff685041548,1825.298869,1600.000000,225.298869,14.08,2.6,2023-03-11
0x559021fc63e9df81ee92e0c29e2eed385b36c4fb,1732.896127,1649.306833,83.589294,5.06,1.0,2024-10-09
0x6fc261148c203bb915cb6fe88a55bcd23769c1cc,1704.965863,1590.220978,114.744885,7.21,1.4,2024-05-08
0x14c348de2de36d01c7cd42ca2643bdd28d645691,1640.221183,1557.129147,83.092036,5.33,1.1,2024-09-12
0xb1236ac84bfbe8da161a989ce3811efa41b02437,1620.240105,1500.000000,120.240105,8.01,1.5,2024-03-31
0xd0d65f7467fc2f8d686a9869c13dd49a5d6a4512,1550.529694,1459.376801,91.152893,6.24,1.3,2024-07-03
0x86a81d0dc70343be8ff0be4cb8cddb40e761334a,1502.934605,1392.848016,110.086589,7.90,1.5,2024-04-05
0x5b38edf584008381d4dcdef8609db196be32a5be,1476.527321,1396.805383,79.721938,5.70,1.2,2024-08-08
0xdaa468aa6de8e3dc9e6d6bcaa7fa0aebab59755c,1407.771800,1273.560203,134.211597,10.53,1.8,2023-12-23
0xaa0a15f2bb59727fb198689a3543f304908ba323,1330.998445,1206.682426,124.316019,10.30,1.8,2024-01-02
0x455f20cc3a68dd35fb7ec39d1a50a652206d324c,1271.339627,1199.999999,71.339628,5.94,1.2,2024-07-21
0xe79b46485577e1c45a33d80b813a4025c2083227,1240.154615,1150.000074,90.154541,7.83,1.5,2024-04-08
0xcdf4a9abe6ef6be770a77a6dff28298f2e6b8efd,1212.047755,1099.999999,112.047756,10.18,1.8,2024-01-07
0xefc1ffbfe5c988545bcffc322e20d8e2baaac5a2,1203.246029,1095.000000,108.246029,9.88,1.7,2024-01-22
0xfdf2c34e9d8a1948bb843ed9d73dcfcc55a0d043,1159.597018,1071.980556,87.616462,8.17,1.6,2024-03-26
0xb747fcefeec0a712f288aeb5c24eefb402a22a4d,1138.329816,999.999999,138.329817,13.83,2.6,2023-03-12
0x17be1d7182fec421012cf0db85babf35beee923d,1132.881087,1057.206774,75.674313,7.15,1.4,2024-05-13
0x00fcf966c55ae2e22237e6cece57ffef507ba81b,1126.531568,999.999999,126.531569,12.65,2.2,2023-07-30
0x0e3e1a15a95a65939f6c074259329d0b6a7d0a7b,1124.281920,1000.000000,124.281920,12.42,2.2,2023-08-13
0x649d65492791ce521e93595fa6af7408440d123c,1122.768882,1023.033923,99.734959,9.74,1.7,2024-01-31
0xf55783532f7558d180a8dc204cd29a830eb9a73f,1116.371088,1000.000018,116.371070,11.63,2.0,2023-10-23
0x5699ae850d2d2e9a5f92d6cc8b495b58687edcff,1112.681293,1000.000000,112.681293,11.26,1.9,2023-11-13
0x25776aa645dbc1e4a5dd63b512bb5be624ce503d,1111.018670,999.999999,111.018671,11.10,1.9,2023-11-23
0xc9a74bd72cc4f4315af0923320d3ccdbac2d893a,1096.472592,996.620948,99.851644,10.01,1.8,2024-01-16
0x7cc29a1f8c3e6d1fcae7246eb14e44abcbaa6101,1085.068588,1000.000000,85.068588,8.50,1.6,2024-03-14
0x64c3bf216f1adfc8e5b2c24a676eae4f28888338,1070.909938,999.999999,70.909939,7.09,1.4,2024-05-17
0xcf87b619402a5640fe35d81bd8a5e65819a47719,1069.114587,1000.000000,69.114587,6.91,1.4,2024-05-27
0x234fc5d877807478af233588103d56363b3edf41,1065.684081,999.999999,65.684082,6.56,1.3,2024-06-13
0x68bcaa92253306d058db37935785c9ea7bc2da71,1063.360405,975.611573,87.748832,8.99,1.6,2024-03-03
0xa4c9be1236ac91987fd1e4f533b705e3324958bb,1061.064486,1000.000000,61.064486,6.10,1.3,2024-07-12
0x6b88c60d18b81c5b02719ef3bc85dad042669363,1056.186448,1000.585807,55.600641,5.55,1.2,2024-08-22
0x9ee587b51f27595964a72946a145e2119eaa978c,1051.438266,996.180000,55.258266,5.54,1.2,2024-08-23
0x3411ad79ee776635e13428a1a51cdec0a87b42ec,1047.963788,969.844548,78.119240,8.05,1.6,2024-03-30
0xfc4acc1755ace0ba546bc7ef3fef6a87f5769a95,1005.188392,934.528727,70.659665,7.56,1.5,2024-04-18
0x3dacbaa29eea6a4534f97ee2baa1b80db5b5a6a0,958.130855,900.175007,57.955848,6.43,1.3,2024-06-20
0xdd42bf845309d57bcdff9bc308c9f0ca6ed50425,863.423877,774.374362,89.049515,11.49,2.0,2023-10-31
0x675d10cee4f6e1be14b0d21bfd9c60393e86bcf8,783.694982,700.000000,83.694982,11.95,2.0,2023-09-30
0xb8c5423f3e816edc1c83930a03e751df4e12a90d,761.579262,718.378556,43.200706,6.01,1.3,2024-07-17
0xa24e10d42acd04a1239c55d3589ba1402163e5dc,700.190248,638.162879,62.027369,9.71,1.7,2024-02-02
0x6495809c15bd6dcbbaf596ae7cd9f4e63a3936b3,689.991385,634.928209,55.063176,8.67,1.6,2024-03-11
0xf624b8ef0da632fce7360a68ee587c3f3cab2dcd,651.001515,601.517434,49.484081,8.22,1.6,2024-03-24
0x0fa6f04ceb1e1b830a414bf58fc5ce6284208d01,642.986815,601.854301,41.132514,6.83,1.4,2024-05-31
0xa905fddacfc74ef40bb077391e40c671ca683d50,586.769116,552.590520,34.178596,6.18,1.3,2024-07-06
0x8c8bdfe0419b8178e3924367e805d613c67f0b54,557.168437,514.881716,42.286721,8.21,1.6,2024-03-25
0xe9c6f1f55e482cf30ae77fa123395eea36468035,555.488699,499.999999,55.488700,11.09,1.9,2023-11-23
0x5c072afdc73bcb793d8fb9945fa6328591f7bf5b,549.476983,519.662030,29.814953,5.73,1.2,2024-08-06
0x57e4129059bf7a4c3952c38a40ac12cf79f85cc8,532.630406,499.999999,32.630407,6.52,1.3,2024-06-15
0x6e0892366e941cbad2b643f5cbe1c010a95f9992,530.435604,497.391519,33.044085,6.64,1.4,2024-06-09
0x95550330de64d33a4a3fd9c15928b6621ccfab5b,521.929229,492.000000,29.929229,6.08,1.3,2024-07-13
0xa2c256243e5de1891def26b715feae279f7e5fd4,510.965271,469.999999,40.965272,8.71,1.6,2024-03-10
0x136031c322beed30c90891e44d60ec79c2d54b88,504.474267,476.930147,27.544120,5.77,1.2,2024-08-03
0x5b18d68206d2d687d7a0fe5899f6600a6a854962,499.072617,469.305943,29.766674,6.34,1.3,2024-06-26
0x944c52b3d6281cc1994d6fcfdb32bca11dc64e17,487.032882,441.737731,45.295151,10.25,1.8,2024-01-03
0xe3a6fba77eadc4dac6db13462ab0da2741a2d61f,485.887764,450.675116,35.212648,7.81,1.5,2024-04-09
0x022e3ce4eda264b3e3fef62036c8182ceb88e6ce,438.374505,389.020345,49.354160,12.68,2.2,2023-07-30
0xe40c422a4eef47e8f913ee4558a6732992543ac1,424.022475,402.722089,21.300386,5.28,1.1,2024-09-18
0x07c914fdc145df2a66be140cc832a871e7006bd8,422.190962,395.433915,26.757047,6.76,1.4,2024-06-04
0x2817078f84a0436403a3ad26054424f0dcb74582,357.316354,330.484924,26.831430,8.11,1.6,2024-03-28
0x98d0941c4913a6bc3fd87deddf7a23ab01ebf18e,355.631596,313.017104,42.614492,13.61,2.6,2023-03-28
0xc099b79fa60c8d22d8857e5109902cc11187f1e0,349.908400,325.267000,24.641400,7.57,1.5,2024-04-17
0x41ba06c3a47cb358c2e9ba3e61c888d7f1ed908e,349.458016,310.349999,39.108017,12.60,2.2,2023-07-31
0xf247cf7083e3d929ecd9d8d4ff0760311ef5a5c6,330.675602,299.999999,30.675603,10.22,1.8,2024-01-05
0xffeb0ad4bba86c47a76deb17259589fae135c45a,294.889147,272.999999,21.889148,8.01,1.5,2024-03-31
0xe2625b508527825f38c3cd25f0795b9c07c45ea9,290.647545,269.318225,21.329320,7.91,1.5,2024-04-05
0xa7a45f63fad2982dee3d83186c065163d62e9dc1,256.059165,231.584845,24.474320,10.56,1.8,2023-12-22
0x51bb7202d4faa82e6b9fbd364a2ee3985112d63d,238.760563,220.849347,17.911216,8.11,1.6,2024-03-28
0xf8b849387a88268904c98db8664849d66e4081be,236.499345,217.934303,18.565042,8.51,1.6,2024-03-14
0xfb0018ad46c669b6a4c0e589c53db27daf7f7930,234.830869,207.539990,27.290879,13.14,2.4,2023-05-31
0x76d87a6ee535923e3076f8eda7a2f1367ce384cc,226.922306,204.315817,22.606489,11.06,1.9,2023-11-26
0xa3af7a5c594e679ac70d47e8b81cc1921f44c092,222.490001,199.999999,22.490002,11.24,1.9,2023-11-14
0xf111b4592ea0da5c5f39def3199e7110f8f274a2,220.668530,199.999999,20.668531,10.33,1.8,2023-12-31
0x5701dd697d43e3ffa9211a2bf516b3c430394aa0,220.171922,199.935021,20.236901,10.12,1.8,2024-01-10
0xa7a8fb02ae11580088f693af2eee7a7912df7cec,218.460178,200.000000,18.460178,9.23,1.6,2024-02-24
0x3592addd0257ecb7c2deda8e74a1094f3331a212,215.283831,196.823683,18.460148,9.37,1.7,2024-02-16
0x19fd8360d88636601b67da8a73b8e3b137f65cf4,214.224931,197.387529,16.837402,8.53,1.6,2024-03-14
0xf0d95c1bb8f034fc9e026547ab6b8583a8fcaef7,211.727227,200.000000,11.727227,5.86,1.2,2024-07-27
0x598daa02c31c6438f8494f06be4491c9edacb2e9,211.430176,200.000000,11.430176,5.71,1.2,2024-08-08
0x3dfb9708c71cb50d801c934c5c2041d84b070787,201.281276,180.000000,21.281276,11.82,2.0,2023-10-10
0x664039338ab688068cf0483c0a8aaed48589624e,192.214946,182.573423,9.641523,5.28,1.1,2024-09-19
0x98b7765baccabbaca15d7f2fddc5884b2e22cda4,169.050841,156.421333,12.629508,8.07,1.6,2024-03-30
0xa24e291272642ebbf744baead4a1ee7c589b0f57,162.777070,154.758947,8.018123,5.18,1.0,2024-09-29
0x69cf3a53ba2d72aa3ceecd51bd9741eba601c51a,160.835733,144.805614,16.030119,11.07,1.9,2023-11-26
0xeb59779e908b8d3f07502089392fc767a8aab612,157.756084,144.298299,13.457785,9.32,1.7,2024-02-19
0x1dd23f314c57b443f90d613d2783398cfbe70fcd,152.519311,141.500000,11.019311,7.78,1.5,2024-04-10
0x4edced6288497c6b477cb73c657c2dc069290063,150.546075,133.240750,17.305325,12.98,2.0,2023-10-06
0xd89e5a73e72ce4b15050348a23b5b052e1da9fd4,143.592610,135.843768,7.748842,5.70,1.2,2024-08-09
0x762af0ad3224e027a2ae12139ab9b9b135dbbe5c,136.049917,120.311522,15.738395,13.08,2.4,2023-06-09
0x606ce8d5cd6bdda4d2c11e90b08b6db78e79e9a3,134.800904,119.583476,15.217428,12.72,2.2,2023-07-26
0x76acffa34b6192a938ef25d0189809ad004a3b9f,132.245294,122.190839,10.054455,8.22,1.6,2024-03-24
0xca96ca9a8847bda07f1b3692d00863fad528346a,125.267633,116.724526,8.543107,7.31,1.5,2024-05-01
0x506be0d045df953eecbe62a08701be33e5dfa282,119.806572,108.776155,11.030417,10.14,1.8,2024-01-09
0xa71260145ad05d378febd76085b87bf04832e996,118.550946,109.889458,8.661488,7.88,1.5,2024-04-06
0x2c2d86b68c0df7eef3a2713997b5065cd9e91f89,117.682930,111.931829,5.751101,5.13,1.0,2024-10-03
0xcda82bc0544d2df8328cf5cece0b313f2ac43917,117.521187,111.858170,5.663017,5.06,1.0,2024-10-10
0xb88c08c23f065aec04f46ed203c9457ef734c462,117.363632,111.405298,5.958334,5.34,1.1,2024-09-10
0xa47ce588699cdde898911404e6d3e4a0d37bd9d5,113.647186,99.999999,13.647187,13.64,2.6,2023-03-23
0x9296a2d5d85e66d608ff5e12e8b9815bf472d98d,113.541637,99.999999,13.541638,13.54,2.5,2023-04-08
0xad201dd3c26ff82bf365f42217a56f470ab84fa6,112.622693,99.295580,13.327113,13.42,2.5,2023-04-24
0x04830093c8c84fa017693699d33356996c4433a2,111.789532,99.999999,11.789533,11.78,2.0,2023-10-14
0x23eee7c7de283ccd54489e76b03945e973599947,111.488326,100.000000,11.488326,11.48,2.0,2023-11-01
0x417569f199577ca5afabe7a770c7db0e22005af4,111.474824,100.000000,11.474824,11.47,2.0,2023-11-02
0x2c044abc9dc4ecc2ffe1a81c4cc0b0a7bb68e528,110.666452,100.039583,10.626869,10.62,1.8,2023-12-19
0x5e22d866a573a455dfb31bfab6a28a9e1da93e76,110.570193,101.770975,8.799218,8.64,1.6,2024-03-11
0x5ef38c6ee349dff1d6c57763e71d0174c13e0ccc,110.215649,99.999999,10.215650,10.21,1.8,2024-01-06
0xfb4422c12959348453bf85d3d77161d39f0fcef7,110.120015,100.000000,10.120015,10.12,1.8,2024-01-10
0x0555b337fbfe3372973e36b306228bc1a8f96fb9,109.525614,99.999999,9.525615,9.52,1.7,2024-02-11
0x34bf1456b378ff87ebd1f2bacd31d93fd6eb0541,108.292419,99.999999,8.292420,8.29,1.6,2024-03-21
0x4bc577ecc865942bf26dfd4b047c4198d1536023,108.070470,100.000000,8.070470,8.07,1.6,2024-03-30
0x0cf05dc6e1db410438ce6d4ba3eaffb153ba1911,107.299755,100.000000,7.299755,7.29,1.5,2024-05-02
0xb9f467ab4b182dd4a279c7dd2cf99afadbafa8f5,106.769984,100.000000,6.769984,6.76,1.4,2024-06-04
0x7792a7a2fbaeedc465754f84344ee5085fb62cfd,106.478554,97.348015,9.130539,9.37,1.7,2024-02-16
0xa0ba5fb2ec40f7ae0fac79c480ecbeb4e4ccf99c,105.901046,100.000000,5.901046,5.90,1.2,2024-07-24
0x3b24621de1aad0fc5e98b236b1449db6453713dc,105.363780,100.000000,5.363780,5.36,1.1,2024-09-09
0xd2b75e6868b1f48af958693529ce843b794711e4,105.199862,99.999999,5.199863,5.19,1.1,2024-09-28
0x29f9198622f43394eb4858636744a977042a172a,104.790819,95.557943,9.232876,9.66,1.7,2024-02-07
0x396f0e55fa33513441d556f84a6ea5c6fd7d217b,103.825871,96.022845,7.803026,8.12,1.6,2024-03-28
0x8814968a31c57974937c26f710a26eac473acc3e,99.706153,93.999999,5.706154,6.07,1.3,2024-07-14
0x8bd6da7e23c6bb1f86137f6c343b064c53c261f8,91.356321,84.880241,6.476080,7.62,1.5,2024-04-15
0x1ac5d7c65dc5682779dcb128551dfe0d90dba94b,88.985117,79.999999,8.985118,11.23,1.9,2023-11-14
0xa6c8dfaac98931a2a9b203f8e6eacd44a64d311d,87.973090,80.000000,7.973090,9.96,1.7,2024-01-18
0xc41c56e9183cd34b8107aac5126e0c9c249fd39c,87.924358,81.216356,6.708002,8.25,1.6,2024-03-23
0x8f7066600d1930cee557dd2276b5ef2769d35d41,86.685523,80.000000,6.685523,8.35,1.6,2024-03-19
0x4ef150f6caddda248b50abc6d7754b535606c49e,86.628877,79.144066,7.484811,9.45,1.7,2024-02-14
0xdda09959ea4a32e66005c43dff5701c7f0ce0a7c,81.523352,73.833782,7.689570,10.41,1.8,2023-12-28
0xa66363d9e64e638b8ec80930bc55d430c775b347,79.019411,71.499999,7.519412,10.51,1.8,2023-12-24
0x7641ee519035d1488c28001503cebafdf5189664,77.967706,69.999999,7.967707,11.38,1.9,2023-11-06
0x66cd6772bb8a034887943b0e2b25a1982eb1025f,76.284268,70.461071,5.823197,8.26,1.6,2024-03-22
0x45d88790d8e92387839df9da4fce0d17900ea655,74.747717,67.332345,7.415372,11.01,1.9,2023-11-30
0x8bc9ffc428257e8d3b346238157082b738679710,74.517208,69.999999,4.517209,6.45,1.3,2024-06-19
0x583d962a5cf79fa4c3f1dc5f8905729576796bd6,72.389621,68.189539,4.200082,6.15,1.3,2024-07-08
0xbffa34f25170c26adab27aac8ff29f2ddf2b7b0c,71.763499,66.684652,5.078847,7.61,1.5,2024-04-16
0xc225463eb7448a447f625832be3f841d89756696,66.939190,61.065975,5.873215,9.61,1.7,2024-02-09
0xe0640a894028210315877ccb3d9143df90283f91,66.642432,59.986772,6.655660,11.09,1.9,2023-11-23
0x2b7f3ed3cea9de1da505f07a3e49b3fd863fb451,63.592492,59.999999,3.592493,5.98,1.2,2024-07-19
0xc509c54ab2c3aedc48481a70c3a7c4a57b26e6fa,61.465879,54.573839,6.892040,12.62,2.2,2023-07-31
0xcf01158c05a113dfa04048b2f04eb3780ff220d7,61.099105,57.557481,3.541624,6.15,1.3,2024-07-09
0xa58067dbca3aecf61715e329a83c0340a65c0faa,60.975042,56.804553,4.170489,7.34,1.5,2024-04-30
0xa57905fe015c0e325ec88ab71d78aaa8c6451a08,60.150343,54.065943,6.084400,11.25,1.9,2023-11-13
0xc3d42a6ebc27abb8ab312e85c457d695430ea0c8,59.674466,55.999999,3.674467,6.56,1.3,2024-06-13
0x484b1a0cbdf1dfad5172eedc8834832cfac16223,57.718153,53.711105,4.007048,7.46,1.5,2024-04-23
0xab07f4a1431d42471636977812c7c9889cc9b000,57.361088,50.500000,6.861088,13.58,2.5,2023-04-01
0xe6713bab257729ee40bfb144697ff7427db466cd,56.805152,53.858605,2.946547,5.47,1.1,2024-08-29
0x5d860d069e82fa56c70c6d6bcbb045a5d08cf9a2,56.484056,52.999999,3.484057,6.57,1.3,2024-06-13
0x50752522d249230fe60c855098bb4a7a0974e746,54.234904,51.474463,2.760441,5.36,1.1,2024-09-09
0xf17b1126c83fd4abde5cf70b72ff2d83f4312dfa,53.081126,49.999999,3.081127,6.16,1.3,2024-07-09
0x970e9d6fc33083de7d0da6327d2544b6c76a2c99,52.621663,49.999999,2.621664,5.24,1.1,2024-09-23
0x7029cb97c29bf4372546d146fe64fb109d695c84,51.793487,48.000000,3.793487,7.90,1.5,2024-04-05
0xe74202f7da2e5c3932ffff8295f4ebd91ba0790b,51.260191,48.235923,3.024268,6.26,1.3,2024-07-01
0x7cf33d9213e210f6448d81a142404c5f9a106a5b,50.597406,47.169391,3.428015,7.26,1.5,2024-05-04
0xe806e931032e28ac15b0b17a783513334ec02381,49.905311,44.426719,5.478592,12.33,2.1,2023-08-24
0xc0aea2b0ed44f01125f64927a3312f42367d0d31,48.713024,44.305191,4.407833,9.94,1.7,2024-01-19
0xfd98cdd8ea1e3e91e5ccda4f0f66de7df553eeb7,48.212358,45.699547,2.512811,5.49,1.1,2024-08-27
0x95373b57f09f48d41380e8e300629805fea81e7e,46.717513,43.484223,3.233290,7.43,1.5,2024-04-24
0x9580a406b57ee5561f67ea9255263ac8fe96bf4b,46.401095,43.998150,2.402945,5.46,1.1,2024-08-30
0x28884644e258abb83c0482de51bb43eed4efe456,44.242888,38.999999,5.242889,13.44,2.5,2023-04-21
0x11237524b62dd6ca745c86c9444620b4e571b534,44.082337,39.420056,4.662281,11.82,2.0,2023-10-10
0x756e9c4fa4c6fa915ccd2e44777158c77e86b50c,43.021671,40.000000,3.021671,7.55,1.5,2024-04-18
0x5f8fb7b13f29adbf769b5917c8e9f5b4d9775fd3,42.752611,38.800122,3.952489,10.18,1.8,2024-01-07
0x6f501d6c488f27c391ae48b5c5e127fab72042ea,42.496425,40.000031,2.496394,6.24,1.3,2024-07-03
0x6713474ad4cb7fe5f485fdf4bb7f6b8651a251bf,41.804762,38.966690,2.838072,7.28,1.5,2024-05-03
0x6dd2ba2a9424fd32f09554f19f80f93d6f78bf21,39.865062,36.560306,3.304756,9.03,1.6,2024-03-02
0xfc78700591ac71c96102a4f9bd8fc97d663355cc,38.814578,34.431156,4.383422,12.73,2.2,2023-07-25
0x2ce5969ab783889acbbfcc5319b89258c40bea18,38.798452,36.133105,2.665347,7.37,1.5,2024-04-28
0x12a3c78b34bac2224db56466e23b3856fda0afd8,35.819802,33.642007,2.177795,6.47,1.3,2024-06-18
0x4f389bfe034f42f2a1428efb51460aa1d6bc1988,35.689325,33.340000,2.349325,7.04,1.4,2024-05-20
0x67273c608cbe927e54fbcd946bf5cc05a8d7987d,34.983027,32.036117,2.946910,9.19,1.6,2024-02-26
0x4496852c4093991f8fe513319a83e08943155d00,34.152530,30.848840,3.303690,10.70,1.8,2023-12-14
0xbafa0473d874776a59c2542556c2022035eaf3ba,34.078234,30.000000,4.078234,13.59,2.6,2023-03-31
0x61a71169e85cff1c24524d400b1465174aac80d7,32.974604,30.171611,2.802993,9.29,1.7,2024-02-20
0x7571cf9fba247b70f5e42fce95928dcf025a33f2,32.749068,30.288000,2.461068,8.12,1.6,2024-03-28
0x5e777d0fba35d3853b56224adc4c54dc7fd0eb28,31.908171,29.989341,1.918830,6.39,1.3,2024-06-22
0xbe4adbaf9426ad1cac4e3b68d428a1f85e17c6d7,31.838472,29.658912,2.179560,7.34,1.5,2024-04-29
0xdee3cceaa425235775926dfea7f41fc547765c50,27.471423,24.999999,2.471424,9.88,1.7,2024-01-22
0xabecaf1e97a9295d098c57c31d803ebc01a8b97f,27.418900,25.000000,2.418900,9.67,1.7,2024-02-05
0x0f9d2c03ad21a30746a4b4f07919e1c5f3641f35,26.829348,25.362894,1.466454,5.78,1.2,2024-08-02
0x15c6816d66664eef924898cf58a88a210b018dff,26.426885,25.000000,1.426885,5.70,1.2,2024-08-08
0x7687dffd98470f666337839d662bad8a4872813f,25.080137,23.821242,1.258895,5.28,1.1,2024-09-18
0xb155e2ab567ffa37676a478552f6c61b79885c05,22.931652,20.869409,2.062243,9.88,1.7,2024-01-22
0x1f02451004322c906aee9529de456b941aec4e95,22.634651,20.924158,1.710493,8.17,1.6,2024-03-26
0x754c078fa82d4651df5e2c04706d75b282b84096,22.591645,20.641495,1.950150,9.44,1.7,2024-02-14
0x4a1fc965dedffff8510db40c7366a5e649271b3e,22.454796,19.999999,2.454797,12.27,2.1,2023-08-30
0x377f01443236c1fe08885538e6b3f382fc40f4ec,22.305451,19.999999,2.305452,11.52,2.0,2023-10-30
0x5d83fd823393510b330934b7e121b88642a8d91b,22.298589,19.939999,2.358590,11.82,2.0,2023-10-10
0x0bfde33af58bf2a563c1dfa31d875c130f4721e6,21.967474,19.999999,1.967475,9.83,1.7,2024-01-24
0x8c0658026edd0f27de4f21088af4c24c4912f428,21.939311,20.000000,1.939311,9.69,1.7,2024-02-04
0xc180130b2112e49fcab64bd36e1f1e8483052cb9,21.489047,20.000000,1.489047,7.44,1.5,2024-04-24
0x6d2884651de9a2f1b7652c799486efcf28f18874,21.474853,19.999999,1.474854,7.37,1.4,2024-06-02
0x42745a72160a94b068280b08b25a86440c349050,21.474690,20.000000,1.474690,7.37,1.5,2024-04-28
0xbd5b03fc91a463899ec66b793bdb9ee82620eb4b,21.180617,20.000000,1.180617,5.90,1.2,2024-07-24
0x877950622ec645a2c2e0a5d81a6115a5775109f6,21.177276,20.000000,1.177276,5.88,1.2,2024-07-25
0xe9b31cffe8fcb9db9b7fae18bd2fd35c26c42d29,21.139777,20.000000,1.139777,5.69,1.2,2024-08-09
0x11d1aa86da3627d461ba9c551c2113f039b9be64,19.286194,17.210000,2.076194,12.06,2.1,2023-09-19
0xb044d6faf0c6ad045773fca890e69af5de22c1f5,19.211818,17.000000,2.211818,13.01,2.2,2023-08-06
0x3b431ae63f705b23b9f6bb0ed4dea566383dbf60,19.074890,16.999999,2.074891,12.20,2.1,2023-09-06
0xede4a8796658c9db08db63d0a3cdd499bff6e08e,18.459925,17.445121,1.014804,5.81,1.2,2024-07-30
0x951fc7d6c5683cdbb04994a45157f2b1cc9b2b3d,17.797645,16.593129,1.204516,7.25,1.5,2024-05-05
0xc30543d63304773093585f9c7cfdccb616ceb13f,17.108674,16.180000,0.928674,5.73,1.2,2024-08-06
0x7f0591ed0f3a4bd22d3be380413665a33fa86652,16.475904,15.000000,1.475904,9.83,1.7,2024-01-24
0x9aa07a822568df6bb030525f36a2686a1c05901f,16.027460,14.855867,1.171593,7.88,1.5,2024-04-06
0x52017ac1b425df0187b3fe2bd32e8cb2c4ce4c8f,15.922410,15.000000,0.922410,6.14,1.3,2024-07-09
0xd9c19053e9483dbf84a7dfcf7004ea2e2d4e0a62,15.913677,15.008994,0.904683,6.02,1.3,2024-07-17
0x5e4628b07c70557f6d546a8dc34f0636b37b7c53,15.861745,15.036676,0.825069,5.48,1.1,2024-08-28
0x6607fcaf34cab98cb4d718e23b8dc184fd1a824f,15.833232,15.000354,0.832878,5.55,1.2,2024-08-22
0xd3aac196555627b21b2a40a019727c1bc16fdbfa,15.285470,14.434474,0.850996,5.89,1.2,2024-07-24
0xc961b91d7db29aa31ebe4e853957a1d48d73a1fd,15.179469,14.065180,1.114289,7.92,1.5,2024-04-05
0xc2077a8696f34a4d1c102d76212885fe2920b9eb,14.699777,13.026930,1.672847,12.84,2.3,2023-07-13
0x7cedaeb6b6c5d3ef4d72251567d8df3e81f656cf,13.502725,12.000000,1.502725,12.52,2.2,2023-08-04
0x70c36447d041085a9e546a1d5e5577ea9e114671,12.719505,12.000000,0.719505,5.99,1.2,2024-07-18
0xf1606ece6fd86f40f60982cf91847f41a82b7034,12.485681,11.613553,0.872128,7.50,1.5,2024-04-20
0x784815d2b3be012efad557de9d2dabb0c4d0cdd2,12.413554,10.999999,1.413555,12.85,2.3,2023-07-12
0x0f904f0008ffdb6920cb77d73e0df6f516f86746,12.357555,10.895755,1.461800,13.41,2.5,2023-04-25
0x95c8ef73fedb5bacceee464916319fb3013baa0f,11.619826,11.020465,0.599361,5.43,1.1,2024-09-01
0x9c62cb41eace893e5cc72c0c933e14b299c520a8,11.588300,10.855969,0.732331,6.74,1.4,2024-06-05
0xf32dfc4ca2c56682ab50effd1c914d7f1413aa5b,11.508187,10.747922,0.760265,7.07,1.4,2024-05-18
0x965f91a6f57cffc596067392a0eed7ec8f781021,11.285427,9.999750,1.285677,12.85,2.3,2023-07-11
0x1b7eb8ce47e4012a549d4781ba99b612f0820f64,11.279387,9.999999,1.279388,12.79,2.3,2023-07-17
0x7b80e72ea8e86a137b440ad7004294d6faf3363a,11.238784,10.000000,1.238784,12.38,2.2,2023-08-18
0xee6af78ed834f534e3761a9c8ec117ac87028f86,11.188707,9.999999,1.188708,11.88,2.0,2023-10-05
0xa48fe0a3fcd95ece1bc4b35cbf53a9c663a599dc,11.161697,10.500000,0.661697,6.30,1.3,2024-06-29
0x4aeebac31d87eb69df87a1e198c340d503e56d9a,11.133432,10.000000,1.133432,11.33,1.9,2023-11-09
0x13ddd22563166810f71afbbffeaa1f83c490512a,11.125742,10.393081,0.732661,7.04,1.4,2024-05-20
0x02fbe93b0fa595bddbc26fb76234c9f2793e1909,10.910357,10.346999,0.563358,5.44,1.1,2024-09-01
0x2e8d98718fbda571521367f045bb16f6cc7266c4,10.845154,9.597244,1.247910,13.00,2.3,2023-06-22
0x876d048126ced0e3e1cb6ad54cab4864ebc93bad,10.786238,9.999999,0.786239,7.86,1.5,2024-04-07
0xe3dcd11ea5553985575f1aae4e21c31e3706a6db,10.778380,9.999999,0.778381,7.78,1.5,2024-04-10
0x5e1a775dd1762b76c559fa7e4bacc7b0d671ea7b,10.749463,10.000000,0.749463,7.49,1.5,2024-04-21
0x1071b5f3d70a9bef3c617785bb4a27f72b594c8d,10.666946,9.999999,0.666947,6.66,1.4,2024-06-08
0x6d00968ea6156961cf3d5c1ac2d484b68371463f,10.663854,10.000000,0.663854,6.63,1.4,2024-06-10
0x1c031bc61096531f998d5fbdb1e383eddddfd76f,10.641447,10.000000,0.641447,6.41,1.3,2024-06-21
0x0aba973ba5fac4fc20c3ad7047fbc992611583d4,10.620020,10.000000,0.620020,6.20,1.3,2024-07-05
0x973a114582ac70ee5ec845eee0f7292d9ce7f3bd,10.522871,10.000000,0.522871,5.22,1.0,2024-09-29
0x9b6400035e74c240e4fb622074a34f9d57c9d2d6,10.517439,10.000000,0.517439,5.17,1.0,2024-09-30
0x0b4af09a0c24c2a8fcea6b2df63490e947b422a1,10.086767,8.999999,1.086768,12.07,2.1,2023-09-18
0xbd33617d1b96a2ec73a042689658d7a113d5e703,9.586607,9.023408,0.563199,6.24,1.3,2024-07-03
0x5eab407013973246daa9f1533605f992573d3beb,9.052200,8.466891,0.585309,6.91,1.4,2024-05-27
0x3bda24a39ae193010df49ba1be6d87d570664ce4,8.799330,8.292745,0.506585,6.10,1.3,2024-07-12
0xd52dd9d24c12fb1f7902e4c387d5d4a6c1f2d9e6,8.743772,8.000000,0.743772,9.29,1.7,2024-02-20
0xe7d5f842e82e9c9927483cbb30f83381c9174ea3,8.656149,8.086874,0.569275,7.03,1.4,2024-05-20
0xaae7b2fcf395369006cc9dc94b49d1332ae16fb7,8.470728,7.857309,0.613419,7.80,1.5,2024-04-09
0x7f3db42670c7f6cae45999b216ced9e245e16b47,7.764302,7.000000,0.764302,10.91,1.9,2023-12-06
0xd8e703a9695465cfad90e3faeab7a5afc99ee651,7.577998,7.160599,0.417399,5.82,1.2,2024-07-30
0xe13de6db70405b0b9ddadefe747cd6b24278b118,7.353679,6.939999,0.413680,5.96,1.2,2024-07-20
0x67fd1e053e8aa0f7dd2837b215eac5d060146a18,7.341510,6.885943,0.455567,6.61,1.4,2024-06-11
0x3b3ebd4f9cc5229170403d47b47a74eb0251c57a,7.075295,6.712176,0.363119,5.40,1.1,2024-09-04
0x513d6dce2c7095fdb96d20348f380d6fd1e1cb39,7.022891,6.561589,0.461302,7.03,1.4,2024-05-21
0x3045142af4e8eea436abdb88008cc1c372285c24,6.941884,6.188701,0.753183,12.17,2.1,2023-09-10
0x3face961b7ced7529c96ce6a9def21f9bc20f358,6.803267,6.460000,0.343267,5.31,1.1,2024-09-15
0x725e704b6933be9896c717f735e5a5edbfc7193f,6.676356,6.003768,0.672588,11.20,1.9,2023-11-16
0x33b92e2a09ac115769d9a2b5eca2d565f0008301,6.597958,5.891752,0.706206,11.98,2.1,2023-09-28
0xed9ef18784eba6c0e0d8c0a76f71f68cef5b1455,6.536011,6.163883,0.372128,6.03,1.3,2024-07-16
0xb9d3c7dd350fb42518eae532967c8f72d867cc81,6.441204,6.097082,0.344122,5.64,1.2,2024-08-14
0xa02d5e43e1f6ecdea6a01e7951c5919e6aa02a4a,6.373297,5.731246,0.642051,11.20,1.9,2023-11-18
0x32fc31cae62e4a84adeabf3245507ab49ddc9add,6.351031,5.999999,0.351032,5.85,1.2,2024-07-28
0xeff6a77cde89fd8841299f2cc47c7e1207572eab,5.841214,5.447707,0.393507,7.22,1.4,2024-05-07
0xda35b1d7a3d2d29b7006b3f9c50e2c885ab2c4f2,5.820863,5.116473,0.704390,13.76,2.6,2023-03-13
0xc05ed8f3adbc1007d9d8debc21a721aa951fad50,5.684954,4.999999,0.684955,13.69,2.6,2023-03-17
0xa3b76c69501e6a67b7fc24d30c8a4025a87e9a46,5.681304,4.999999,0.681305,13.62,2.6,2023-03-26
0x1ba66b2737366570b7e61743a42eec130093d081,5.638744,5.000000,0.638744,12.77,2.2,2023-07-19
0x0103c45a16adce9438168c78206597a1c2fb9e76,5.629869,5.000014,0.629855,12.59,2.2,2023-08-01
0x00d283ffcb70f7b9a1d844e54a1ade61e5443b6c,5.603289,4.999999,0.603290,12.06,2.1,2023-09-19
0x6ea64b1afb88c231f3777b61ee5d60277761587b,5.518533,5.118563,0.399970,7.81,1.5,2024-04-09
0xa5ef861278d7bf18a8a2068a01d66fbded93a1bd,5.498924,4.999999,0.498925,9.97,1.7,2024-01-17
0x257b919852b71d2336017e89101c67906c7f1fc8,5.489150,5.000000,0.489150,9.78,1.7,2024-01-28
0x47e4ff981d7b3b104381e3a4fabc0afd7fbaf0c2,5.384543,5.094723,0.289820,5.68,1.2,2024-08-10
0x91b97fd63ec9d7fd95f1a221de2200dcc0ebbed4,5.353372,4.999999,0.353373,7.06,1.4,2024-05-19
0x0aef9770ce11c9f9cd80adc1d4b5b553538db311,5.318948,4.999999,0.318949,6.37,1.3,2024-06-23
0xf7d3a6bb3b20cc004c0ce5e9b51c0d381cbb6ecc,5.315588,4.999999,0.315589,6.31,1.3,2024-06-28
0x781c8d71f9a9fe1150982209924a8fa519ff6cf7,5.305529,5.000000,0.305529,6.11,1.3,2024-07-11
0x55efca0f35785ee9c7797198eb35afcea5343f24,5.277315,4.999999,0.277316,5.54,1.2,2024-08-23
0xc6844922cf1b1dbdaa0a63f389ba4785803ff440,5.262400,5.000000,0.262400,5.24,1.1,2024-09-23
0xc22870158bc04943fd1a3008e4085a48403a01bd,5.249919,4.999999,0.249920,4.99,1.0,2024-10-16
0x7f4a86478cdd09aae270bf3800e06e67db50c76d,5.184677,4.931607,0.253070,5.13,1.0,2024-10-04
0xd6722b2388e81634ab78d868f390ec922b1922c2,5.076363,4.808685,0.267678,5.56,1.2,2024-08-21
0x5ef17175f961a270bd6ea22db0f04d722bb3519e,4.837188,4.300000,0.537188,12.49,2.2,2023-08-07
0x4a24e20faf5975bbfc887b140ba6db4fddd31cf3,4.691791,4.450000,0.241791,5.43,1.1,2024-09-02
0x299640cbd6dbebc217ec0bf4d8261729c0213f55,4.643232,4.335108,0.308124,7.10,1.4,2024-05-16
0x99ce7a9c803aae8b8beaef9fa58058d57275d41f,4.424241,4.162247,0.261994,6.29,1.3,2024-06-29
0x26ca0d52bdf63f7bfcd1b48e72ed3e9d731836b2,4.302961,4.009157,0.293804,7.32,1.5,2024-05-01
0x927da64208150ae4a633c0de9c941ee8c28e1294,4.243794,3.992688,0.251106,6.28,1.3,2024-06-30
0xb36ce7a2abbd3fd59d0e223a4afa6cb918138de1,4.182911,3.894180,0.288731,7.41,1.5,2024-04-26
0x9b38f2bb41ad1ff4e002981ea421f616af144ec0,3.822658,3.589279,0.233379,6.50,1.3,2024-06-16
0xc2979e688c5f668ef655443cb68dcf4ff0ac240b,3.615154,3.180822,0.434332,13.65,2.6,2023-03-22
0x28d58e97360eca088129ce97d24936bf7da44860,3.572768,3.370807,0.201961,5.99,1.2,2024-07-19
0x05692cb05433e92abc21964428b58c47e98af3cc,3.476482,3.290414,0.186068,5.65,1.2,2024-08-13
0x7eb68f1865962fb1742b62b3fe4948e2c684da16,3.357920,3.186939,0.170981,5.36,1.1,2024-09-08
0x33d66eed6d4501ab3210913a777876208e00aa6a,3.356563,2.999999,0.356564,11.88,2.0,2023-10-05
0x9700994e26b054006bd0eb72b4b8e2dd5e202268,3.177993,3.001443,0.176550,5.88,1.2,2024-07-25
0xfa31bfd5d106ef73f0ee4b71c57d9a0213025c99,3.176063,3.003584,0.172479,5.74,1.2,2024-08-05
0x7e656d5e24c4f5ede5eb789044d3d2faa06a61cc,3.167056,2.999999,0.167057,5.56,1.2,2024-08-21
0x0eb8a77eecb5a27694e2f53a645283a7b6f857be,3.166222,3.000000,0.166222,5.54,1.1,2024-08-23
0xa83ca979fd7524bb3f1bc02fde4ab0b84c462bbd,3.030199,2.872100,0.158099,5.50,1.1,2024-08-26
0xaa87e4ac27738970a8f5855dc252ef7e43eacff5,2.975902,2.753980,0.221922,8.05,1.6,2024-03-30
0x6a5491ec6af4f2b94c714021b2815037fcb98009,2.790643,2.640751,0.149892,5.67,1.2,2024-08-11
0xbf4d3c8ffdff4fbc9b67b2c81f9fe1ee112147ae,2.713534,2.575331,0.138203,5.36,1.1,2024-09-08
0xdc0efe8b83215f79d979cd08a2af4c743566c20a,2.632360,2.495519,0.136841,5.48,1.1,2024-08-28
0xb832d6da55189af3d45477fd88271d167033d841,2.549671,2.394414,0.155257,6.48,1.3,2024-06-17
0xef408c04d9da2425fe2241bfa3e46e2feca5a4c6,2.474152,2.294006,0.180146,7.85,1.5,2024-04-08
0x209b2346598a7f7f0a8068aec2b76385ed98dab8,2.285996,2.000000,0.285996,14.29,2.7,2023-02-14
0x0d8c44854055f4becdfee63d2f6286548ace0c34,2.283996,1.999999,0.283997,14.19,2.6,2023-02-27
0x46031cb4163d71c4ed51056bba7146689e2b9aef,2.254001,1.999999,0.254002,12.70,2.2,2023-07-29
0x0c7f54ec909f963ccc068e03f1993753c97ebd1c,2.236973,1.999999,0.236974,11.84,2.0,2023-10-08
0x7d35eb3bee3e349d77715b709fc90fa6319f3f37,2.236734,2.000256,0.236478,11.82,2.0,2023-10-10
0x7211a224817e0dfd38c7f0a56480e767bc3e313d,2.207418,1.936099,0.271319,14.01,2.6,2023-03-11
0x8c8b5eeea2770e795f2814e802e335bdb9e5a3b0,2.200491,2.000000,0.200491,10.02,1.8,2024-01-15
0xef2e7bcac3f3a1860bdfe51ef75e2484f1dcd806,2.148478,1.999999,0.148479,7.42,1.5,2024-04-25
0x40c194a49bfe444ac2a56ce9e9e9de2b1bd83a03,2.122891,2.000001,0.122890,6.14,1.3,2024-07-09
0xe2de4354cf6ab1faa032d6a4e134060b3f325176,2.116956,1.999999,0.116957,5.84,1.2,2024-07-28
0x1eec1f675519bbaba3896ebd64aa6159d929a62f,2.115595,1.939370,0.176225,9.08,1.6,2024-02-29
0x704fa56e929a4ffe2f42278e6f8dbda2f488076b,2.103648,1.999999,0.103649,5.18,1.0,2024-09-29
0x3122ef88cc03c344a36044363bd361dd0c4f4a4f,2.102720,1.999999,0.102721,5.13,1.0,2024-10-03
0x14107f7e828143b37fb88c0bfd21f2e42e68949e,2.069887,1.854152,0.215735,11.63,2.0,2023-10-23
0xe21139efc5699fbe9236c9bfe01489f86c66b806,2.044124,1.884598,0.159526,8.46,1.6,2024-03-15
0x2eb4bc0ae183da33c1c1b5a9733134c8b6ce28e8,1.922635,1.780000,0.142635,8.01,1.5,2024-03-31
0xd0dbcac7574ecfbbeea3c42b4b1dcf48dc7470ba,1.873236,1.760295,0.112941,6.41,1.3,2024-06-21
0xd4c0c627684003d72639b856bb62a937293e5c87,1.790105,1.568292,0.221813,14.14,2.6,2023-03-05
0xbc76d2d7ff417c75014b723403f6c3b4b3b97f7b,1.751790,1.646653,0.105137,6.38,1.3,2024-06-23
0x02c0353e0b8a1201062a7f83e1e337c34b318e81,1.743828,1.615654,0.128174,7.93,1.5,2024-04-04
0x92c6f2443897fef6e4b19075e051356fd21891aa,1.733400,1.645038,0.088362,5.37,1.1,2024-09-08
0x78a4c006ac85ccf41d71b804c2a6e00a3793cb77,1.713251,1.499999,0.213252,14.21,2.6,2023-02-24
0x53a207ae61d889e9dca36a9409c19d677bbeb296,1.607529,1.500000,0.107529,7.16,1.4,2024-05-12
0x9e1b19b5c4dc58682bfaf1b475087c7a2780799d,1.595711,1.470528,0.125183,8.51,1.6,2024-03-14
0xd1aa05afed75591d20bdaf74c8183ee1e1614286,1.569840,1.464590,0.105250,7.18,1.4,2024-05-10
0xdcb48e5f80ad4126b5ed8dc3aaa62f2b71ba4ab0,1.528476,1.359999,0.168477,12.38,2.2,2023-08-18
0x632da043f32ff53b021f03491d01d2d8a1798489,1.425569,1.300000,0.125569,9.65,1.7,2024-02-07
0x3d75b3f53903b8e528b95e0b21deddb31df37305,1.358456,1.199999,0.158457,13.20,2.4,2023-05-23
0x30ee5ac2b5bc711ff7be0ac4e1a3e2d0c32a93cf,1.260526,1.199999,0.060527,5.04,1.0,2024-10-12
0x74679b9a8a8caf5af085044ab584c43f7df95cb0,1.250369,1.099999,0.150370,13.67,2.6,2023-03-20
0x75e617ace2e1025b2651d9902df9c94df4457a2a,1.199018,1.049999,0.149019,14.19,2.6,2023-02-28
0x758259c6cd83a2ac9a5b4a37d91dc6b615e797a2,1.191510,1.048667,0.142843,13.62,2.6,2023-03-27
0x677883ea48511bd266d09befefc0a925e5e1c01f,1.173556,1.110000,0.063556,5.72,1.2,2024-08-07
0x379f29c017ec33e145d1fe721971cc1b50a31253,1.142996,0.999999,0.142997,14.29,2.7,2023-02-14
0x23143909394581265d9866befbbd520645925792,1.142668,1.000000,0.142668,14.26,2.7,2023-02-18
0x2e339c5a9119262916e34333d0334224fed09d0f,1.142533,1.000000,0.142533,14.25,2.7,2023-02-19
0x920c0ab1dcef3c5a22d7fa4b3099b922e93efe9e,1.142310,0.999999,0.142311,14.23,2.7,2023-02-21
0x62d51fa08b15411d9429133ae5f224abf3867729,1.141871,1.000000,0.141871,14.18,2.6,2023-03-01
0x2ba0cf3a45d78fb39cd2a75516c3338d5f36dd37,1.141568,0.999999,0.141569,14.15,2.6,2023-03-03
0xa95813b5ec6f94560937193e3d15fb3929813f5e,1.141368,0.999999,0.141369,14.13,2.6,2023-03-06
0xc99f1e62bfc443578789319da696d5776202a781,1.141208,0.999999,0.141209,14.12,2.6,2023-03-08
0xe71da9853ea796706b21630e1c36a310e9ac5a5b,1.137050,0.999999,0.137051,13.70,2.6,2023-03-16
0xaea9c915e2e1501d00c59668c94c4b5936ce400c,1.136779,0.999999,0.136780,13.67,2.6,2023-03-19
0x780701198a234052292f1f7c03aa4787be39e740,1.136623,1.000000,0.136623,13.66,2.6,2023-03-21
0x1fdcc0979f811965f9d1b8e3d7cc8eac13615a84,1.136342,1.000000,0.136342,13.63,2.6,2023-03-25
0x21fef57ecc05c37325677d2bdff2c8022083400e,1.135858,1.000000,0.135858,13.58,2.5,2023-04-01
0x723aadf9329a770c8a77f205eaacc879b6e83f55,1.135099,0.999999,0.135100,13.51,2.5,2023-04-12
0x355784934ef5616e6025c8dbdf84d6943217177f,1.134836,1.000000,0.134836,13.48,2.5,2023-04-15
0xa26ae55d6da6d82ab9e79f910820c2555a50d4ad,1.132255,0.999999,0.132256,13.22,2.4,2023-05-20
0x6b052bb4f5e54dee68cf96530d67c9b54283ace8,1.132063,1.000000,0.132063,13.20,2.4,2023-05-22
0x78eadf900c1a2d157edf4f34737f3caed5d5dec4,1.131047,1.000000,0.131047,13.10,2.4,2023-06-06
0xb0ba26dedc9c1ddae319de606c3b1279e26be57e,1.130249,1.000000,0.130249,13.02,2.3,2023-06-18
0xe66e1e9e37e4e148b21eb22001431818e980d060,1.130186,0.999999,0.130187,13.01,2.3,2023-06-19
0x4740f1136283fee975028dbcec0ed8154f48f3ab,1.129694,1.000099,0.129595,12.95,2.3,2023-06-26
0x195a9298f08a187147bead2465bfc264b4c9e821,1.129504,1.050246,0.079258,7.54,1.5,2024-04-19
0x9ea568f0a42c7a98f0e6ac4b2b11f503d8daafec,1.128590,0.999999,0.128591,12.85,2.3,2023-07-11
0xe23ced331d2cf8d19734b99ba1901756de8b39af,1.128465,1.000387,0.128078,12.80,2.3,2023-07-16
0x0817e382a40d484a8b90c792b399667174e50ab8,1.128293,1.000000,0.128293,12.82,2.3,2023-07-14
0xfcd218cc65bca1dfe5fee91e8a2182d5643b094c,1.127152,1.000000,0.127152,12.71,2.2,2023-07-27
0x337688b46da29a3b47b3c88941d26754898faa99,1.126440,1.014673,0.111767,11.01,1.9,2023-11-30
0x7af9edd3d28ac962d99b44b7d61a6c0714df3f1f,1.123680,1.000000,0.123680,12.36,2.2,2023-08-20
0x66af615eb4d8ea2e0101e4187431bf5670f1a860,1.122276,0.999999,0.122277,12.22,2.1,2023-09-04
0xa0eff44b01007e8c212411f53ab171b38b63aea8,1.120485,0.999999,0.120486,12.04,2.1,2023-09-20
0xee45528c53a65db1cd31da6e3cb483df265fbd9c,1.119687,0.999999,0.119688,11.96,2.0,2023-09-30
0x48485f7480cd4e9599723a8054011d73f36859fe,1.118903,0.999999,0.118904,11.89,2.0,2023-10-05
0x08d6c96e4d52f4c32f60ed2d9ea6fb8a344a5d91,1.118045,0.999233,0.118812,11.89,2.0,2023-10-05
0x9f02b43bd06776e080cd41ab640e366ca013bd7b,1.072094,1.000000,0.072094,7.20,1.4,2024-05-08
0xc21996a0abae658db18aa10e77d6382c3f5ead87,1.068021,0.999999,0.068022,6.80,1.4,2024-06-02
0x85797aab3375ac5cc6df6ed80d9fa19690f873c1,1.064906,1.000000,0.064906,6.49,1.3,2024-06-17
0x9983b54a193e932adad8ce902b155c67e586395e,1.059262,0.999999,0.059263,5.92,1.2,2024-07-22
0x184abefbdca24ce0dd964a74f6d5e69ce44d9579,1.058975,0.940500,0.118475,12.59,2.2,2023-08-01
0xa0705dcb26f53bb57a33f6e3c8eb333fae8a6332,1.055222,0.999999,0.055223,5.52,1.1,2024-08-25
0x2db91839eb6900b9daa045d27f2219f550812bd3,1.052064,1.000000,0.052064,5.20,1.1,2024-09-27
0x6ce6e24c7469aae61548c15c235389ac8f1ea10a,1.019668,0.957196,0.062472,6.52,1.3,2024-06-15
0x47d2baf908459ea049b962e65beb921618d7c8dc,1.000957,0.937563,0.063394,6.76,1.4,2024-06-04
0xe0b532985a6b8bfe82a9d1f6f83373c75a7b3c71,0.989428,0.940610,0.048818,5.19,1.0,2024-09-29
0x6298551d56f825b3b6c3350d32129ffd3cfb198c,0.946884,0.899999,0.046885,5.20,1.1,2024-09-27
0x524c7a33a0dd7ad1052bb3c5e0291747a5f1f42a,0.921284,0.836909,0.084375,10.08,1.8,2024-01-11
0x5e0d9578f76ad883e9dde798713fce7255e16695,0.871176,0.826321,0.044855,5.42,1.1,2024-09-02
0xd95cec96a3f45ee5503e69716c5c7c8984528f1f,0.866030,0.782832,0.083198,10.62,1.8,2023-12-18
0x331e3ff4363d93c91ee59a2f6f4cd5ef6e439278,0.853889,0.786108,0.067781,8.62,1.6,2024-03-12
0xbe41d6fa45aa3f22c30ffb589f99c30022573a6b,0.830346,0.737313,0.093033,12.61,2.2,2023-07-31
0x7ca6c3644e66256753d2d65539b3f89a3a5d4c63,0.828655,0.761905,0.066750,8.76,1.6,2024-03-08
0x339ef11fe7fb1ba92aff0ecef8dc0582c11288cd,0.738675,0.698465,0.040210,5.75,1.2,2024-08-04
0x2633e2bccd8bad67168356641fc9a99816a80b28,0.661761,0.601427,0.060334,10.03,1.8,2024-01-15
0xcc91c89eb87cb8e0c3da53559a98e5eab768e5ef,0.634840,0.572119,0.062721,10.96,1.9,2023-12-03
0x155b9352d7fd3c9d3d99ab6ec09c5e30ddb4c9eb,0.605764,0.569274,0.036490,6.40,1.3,2024-06-21
0x714816133d78372a8759a9e9cb6b75d2596f045e,0.602397,0.549999,0.052398,9.52,1.7,2024-02-11
0x71add64adbb965bafd01437295968502eb61145e,0.568114,0.500000,0.068114,13.62,2.6,2023-03-27
0x942a099a6791359370751904a70c4e3fb0562bdd,0.566098,0.499999,0.066099,13.21,2.4,2023-05-21
0x2225e8a95fbf7cd32b9b9ac3d87fa88c6957cb6f,0.565206,0.499999,0.065207,13.04,2.3,2023-06-14
0x4b8afbef4e4447b7b094290dac19279bd59c582a,0.559897,0.499999,0.059898,11.97,2.1,2023-09-29
0x8b228a08f8038c08940204245f668d485a6054b8,0.527215,0.500000,0.027215,5.44,1.1,2024-09-01
0xcf404e95bd25a2473ea55d4b88a13e34f32d020c,0.525158,0.465463,0.059695,12.82,2.3,2023-07-14
0x1566fdee02ca0f9aaf03182fc031ba4d69ed9f7a,0.513456,0.485058,0.028398,5.85,1.2,2024-07-27
0x5b189e77b55a04af46fdc30538b3c8a3014ea3ac,0.485531,0.434470,0.051061,11.75,2.0,2023-10-16
0xb25c619de84ab39f3d719ad02f106f4180466cc5,0.458617,0.424501,0.034116,8.03,1.5,2024-03-31
0x27a690a7ad945a1124ff4d9f64d6e8205f03f827,0.454758,0.413298,0.041460,10.03,1.8,2024-01-15
0x9cda4188918896c41dd7277fe3d969b7a79285da,0.454361,0.399999,0.054362,13.59,2.5,2023-03-31
0xc108b793e293f1aac19418e899397e62fdf02575,0.397984,0.357811,0.040173,11.22,1.9,2023-11-15
0xa2aa047ae84388e17b872bc7f385294a4298edca,0.395250,0.361340,0.033910,9.38,1.7,2024-02-16
0x3d3dac50f1369be7bddb4c3f1fc843d4e3d91a90,0.393185,0.365884,0.027301,7.46,1.5,2024-04-23
0x0ee44e4d2c7648820013787d8d819d71752848b5,0.386008,0.362929,0.023079,6.35,1.3,2024-06-25
0x7e4925e8bfd6c8843339843574a07f77ec8e9a16,0.345803,0.328741,0.017062,5.19,1.0,2024-09-29
0x683537e4d326c5dfaaaa6ef9dd9cf85ebb04971d,0.342758,0.300000,0.042758,14.25,2.7,2023-02-19
0x92b52e6441a9e2e03d080e951249d93df222f855,0.340887,0.299999,0.040888,13.62,2.6,2023-03-26
0xc019e26b8c3bcc89c060110e079b463cf105dca9,0.340759,0.299999,0.040760,13.58,2.5,2023-04-01
0x0b0f9f02d9aef778433dea88c4bec341d6c86834,0.339294,0.299999,0.039295,13.09,2.4,2023-06-07
0x234980496c21e6d618a3b44113b61bb4b39096ff,0.337335,0.300000,0.037335,12.44,2.2,2023-08-12
0xdb10be3fa42a101239e4753e265783591b13607a,0.323893,0.300000,0.023893,7.96,1.5,2024-04-03
0xe1bc8b890caab2ba827d90f21127b41d54a30d34,0.307609,0.289999,0.017610,6.07,1.3,2024-07-14
0x09a5a534d8d2ce8d69ad1d5e55fb60f2cef3a797,0.288317,0.270556,0.017761,6.56,1.3,2024-06-13
0xbcf05d19c85aa177a58ece89169fd241700f7d1c,0.285632,0.250000,0.035632,14.25,2.7,2023-02-19
0xbb4d8ad59073bbbd65cbe557c6d6bbf7b1d2fc22,0.285483,0.250000,0.035483,14.19,2.6,2023-02-28
0xbb79893f1ffabc81364a1965676643f8fed01f99,0.284358,0.249999,0.034359,13.74,2.6,2023-03-14
0xf5357240c9c2cc0e68dec346345065aa9e9063e7,0.284100,0.264999,0.019101,7.20,1.4,2024-05-09
0xd030e6d9c9d0951d7d0e902fb0f27caa66d65286,0.283832,0.249999,0.033833,13.53,2.5,2023-04-09
0x5917ff74117738a19f0342d923d4e4f6eb02808e,0.274750,0.241795,0.032955,13.62,2.6,2023-03-26
0xe3fcc1c4e8e3d38e364dca5bc5d3679ea52d17d2,0.263653,0.250000,0.013653,5.46,1.1,2024-08-30
0xd5d6fffe6c26b13f6384c5ad79c9cf253d4bfd9f,0.247467,0.217434,0.030033,13.81,2.6,2023-03-13
0xa359293492462f10902291c397b2160c4799d91c,0.237118,0.221783,0.015335,6.91,1.4,2024-05-27
0xf3603d18a019e9394fe68018cae2e155ec01bda7,0.236592,0.218801,0.017791,8.13,1.6,2024-03-27
0xe76f1230c61160206306cb55e524d5843bad697a,0.236129,0.210000,0.026129,12.44,2.2,2023-08-12
0xc9bb7204aea2dadd450fff02e63bbcdec67f3dcc,0.227328,0.200000,0.027328,13.66,2.6,2023-03-21
0xdfd77a848618b3428c79790b5222b85c2adfcfe5,0.226141,0.200000,0.026141,13.07,2.4,2023-06-10
0xadc77f672ccf91c722534758564a39dd0f6a80d8,0.226032,0.199999,0.026033,13.01,2.3,2023-06-20
0x21c29244badc5cb665a99a37768fa60bcb08449f,0.221450,0.205271,0.016179,7.88,1.5,2024-04-06
0x48c08f95d45773e4da70d83308b770bc444be5f7,0.214418,0.199999,0.014419,7.20,1.4,2024-05-08
0xb5d1ce49c1996e99520688925fad4fac2c077c48,0.214277,0.200000,0.014277,7.13,1.4,2024-05-14
0x2a1012b0ba063ed5993e87a7206143a665ac74b6,0.211358,0.199999,0.011359,5.67,1.2,2024-08-11
0x3bc85299da4319a36daeb1aca9ebb8edd81b6797,0.204212,0.189376,0.014836,7.83,1.5,2024-04-08
0x8026bb7b3fc7cdc69a3b0eb3a5068be9b1fb94ab,0.200793,0.190000,0.010793,5.68,1.2,2024-08-11
0x64413ba2111a72f9e33dc03dd875cf516c834267,0.193091,0.181566,0.011525,6.34,1.3,2024-06-26
0x4b41cc5a22e0e2568b1e80756e5784a5b1208050,0.192493,0.180310,0.012183,6.75,1.4,2024-06-04
0x393e4e715b9fddb6566134b91b7641f87183d7f7,0.189932,0.177039,0.012893,7.28,1.5,2024-05-03
0x087df3f4a6531cee97650dda0bb8499d968f2249,0.183819,0.167056,0.016763,10.03,1.8,2024-01-15
0x37f5e5aabc23e9891c33bf128d6d2e0557225997,0.168213,0.149999,0.018214,12.14,2.1,2023-09-13
0xc123110b44d6c5bfd7c963135041a7d80dfa107a,0.168017,0.149999,0.018018,12.01,2.1,2023-09-24
0x0b2b97b36eeab5111dedb24c1e14a3be98c74955,0.166265,0.156614,0.009651,6.16,1.3,2024-07-08
0x9023f1ed962416848bf844162903ef4624b27a4f,0.165609,0.145000,0.020609,14.21,2.6,2023-02-25
0xf8a86d9f7d3b39f28083a9342eff264e820af8ee,0.158175,0.149526,0.008649,5.78,1.2,2024-08-02
0xa00d8616eaf858394cace2a51331e70ab22d7333,0.151987,0.133700,0.018287,13.67,2.6,2023-03-19
0x40ff12f3e92edd3be2dee82023fe27180f80f3ff,0.147905,0.140000,0.007905,5.64,1.2,2024-08-14
0x428d37532c5196246564862a369c1bf6b69b8f51,0.147325,0.132626,0.014699,11.08,1.9,2023-11-24
0x9118d6fb46b1d9dec6502fd574561e704f2a15a2,0.145740,0.138739,0.007001,5.04,1.0,2024-10-12
0x0708b8dc96e46627cd0b56ca8db844583d42fe30,0.137311,0.130000,0.007311,5.62,1.2,2024-08-16
0x4d11aaa69158595085d13d5e1a2b22c1d0d5f348,0.130303,0.118784,0.011519,9.69,1.7,2024-02-04
0xaf6636d448065e6814270ace95949bdbc8fa0420,0.128906,0.115101,0.013805,11.99,2.1,2023-09-27
0x9999990bc03c67e331c92fd9275f8dbf2354c723,0.125612,0.109999,0.015613,14.19,2.6,2023-02-28
0x3421fbacd45c4df3f08ef88a77343db47f130808,0.124951,0.110000,0.014951,13.59,2.5,2023-03-31
0xfc6f0b8540c04a2571ad4bceb49daf435e0ca66c,0.121505,0.114999,0.006506,5.65,1.2,2024-08-13
0x806cf73a306948f0f849d56c1b835fe8eb5b26ba,0.120457,0.105465,0.014992,14.21,2.6,2023-02-25
0xb6e9b43e89278c4c812f4a20f8c531fadb636808,0.114207,0.099999,0.014208,14.20,2.6,2023-02-26
0xf4f2f6f40ec7ef6ff902208d73cbe0a15781cc3a,0.113693,0.099999,0.013694,13.69,2.6,2023-03-17
0xe8e0f659b54934273e1beca7f537fda6d6330d7b,0.113693,0.099999,0.013694,13.69,2.6,2023-03-17
0xb350456aa5835f06446875179510a85cd4a6f9a7,0.113693,0.099999,0.013694,13.69,2.6,2023-03-17
0xadee08871159d69c3c0a1358454f46ec53e9d74a,0.113693,0.099999,0.013694,13.69,2.6,2023-03-17
0xecd2d8a907cef9f1006c2987979d67a7623a4c35,0.113655,0.100000,0.013655,13.65,2.6,2023-03-22
0x2dbb7eaf854059c9fc0484b96d6f2567dc5f3e15,0.113654,0.099999,0.013655,13.65,2.6,2023-03-22
0x3be4d16e39903e13fbcecef3c2f734b779867b47,0.113629,0.100000,0.013629,13.62,2.6,2023-03-26
0xa7a9e6137d2582fc8bddad6a6daeb8fb985396f2,0.113608,0.100000,0.013608,13.60,2.6,2023-03-29
0x9bd48e08e3444b30113812acd52458b35c33803a,0.113169,0.099999,0.013170,13.17,2.4,2023-05-28
0x6c2cc8ea2b54e6a4807502f3a98a839184fea6bb,0.113134,0.099999,0.013135,13.13,2.4,2023-06-02
0xbe836bf050418a7f3cbf54284d49daca491fe3a3,0.113132,0.100000,0.013132,13.13,2.4,2023-06-02
0x0ef696b2da7e7c6a3113681ce57344b66bbcf559,0.113110,0.100000,0.013110,13.11,2.4,2023-06-05
0xaece35fb29ce6bf63a753e0682363c77976c668b,0.113090,0.100000,0.013090,13.09,2.4,2023-06-08
0x2dd3a97aee2c998ac123ff0f71773b7c5f02ca71,0.113002,0.099999,0.013003,13.00,2.3,2023-06-22
0x5dc506e8bf8cdd0ab6fab477443be1032a1a8539,0.112764,0.100000,0.012764,12.76,2.2,2023-07-21
0x6e42f74d2121fdd08f942b9894ea6d94e223e99b,0.111313,0.099999,0.011314,11.31,1.9,2023-11-10
0x5bab0333e24346b8320f84fef36e523df79a7aae,0.110624,0.098878,0.011746,11.87,2.0,2023-10-05
0xaa0ed553d7fd16c98a53913c8def7f27fceeed26,0.107015,0.100000,0.007015,7.01,1.4,2024-05-22
0x7c06d82f00874510da82db60ec715bc5db1dbadf,0.106789,0.100000,0.006789,6.78,1.4,2024-06-03
0x3f3ac8c6e85c8659e0af4f4b6ed50f51a1a8e0b1,0.106282,0.100232,0.006050,6.03,1.3,2024-07-16
0x15775b23340c0f50e0428d674478b0e9d3d0a759,0.105986,0.099999,0.005987,5.98,1.2,2024-07-19
0x0e905ccae40547ff6dda5920bf9609d66b95050f,0.105714,0.099999,0.005715,5.71,1.2,2024-08-08
0xa5d966d7362b6584afb62efa1f8961900de09745,0.105238,0.100000,0.005238,5.23,1.1,2024-09-24
0x58ac0fd4f1cca9132bebb8eb6ab425af4b2c089c,0.105226,0.100000,0.005226,5.22,1.1,2024-09-25
0x3cf99ad6044d86be00f447af2614c795c3108b81,0.104489,0.096174,0.008315,8.64,1.6,2024-03-11
0x323d21701ca72564c64eff59b6a3b69cbc905d3d,0.098972,0.093253,0.005719,6.13,1.3,2024-07-10
0x6dd412836cf1b105ab8341011826226e83d42860,0.086491,0.081163,0.005328,6.56,1.3,2024-06-13
0x509ae4b6a321c064e8e7b0d781d9047acd91c90b,0.083186,0.074843,0.008343,11.14,1.9,2023-11-20
0x27a876efb99233c852ec8ed1f86cc2bb643efc37,0.076365,0.072274,0.004091,5.66,1.2,2024-08-12
0x6b454ad98fce6fda898c610a1b8a786af97ee101,0.064474,0.060419,0.004055,6.71,1.4,2024-06-06
0x1a85597ffd2c374e117d8892bd213ffb8bbc43ef,0.061416,0.056517,0.004899,8.66,1.6,2024-03-11
0x0a9448f6d9a2c25d20f9fed3d067e23448108959,0.059606,0.054529,0.005077,9.31,1.7,2024-02-19
0x932500813ef18fd632051458e1dda9da930bf763,0.057164,0.050228,0.006936,13.80,2.6,2023-03-13
0x568161f734abf64d5654c79ebeaf2548206efd12,0.056793,0.049999,0.006794,13.58,2.5,2023-04-01
0x56ca5126bd3005be2282d40a248dc173b3ac170e,0.051292,0.045328,0.005964,13.15,2.4,2023-05-30
0xd1c69d63f24386d4887f03a9297ee8b99ac7ac3a,0.050928,0.048231,0.002697,5.59,1.2,2024-08-19
0xd5788d266a9c054a99247b79ec2ad8a4884ba580,0.050423,0.046922,0.003501,7.46,1.5,2024-04-23
0x2e82d2ba382f46a1a13e5766ebe1e0982dc57ae6,0.049039,0.046272,0.002767,5.97,1.2,2024-07-19
0xae3dd2c17abd3d419462a511d59b41737048f958,0.046306,0.041464,0.004842,11.67,2.0,2023-10-20
0x4f2acc033929191c6ef66bb1367173a51d57dfa6,0.044675,0.042314,0.002361,5.57,1.2,2024-08-20
0x43e73bf467c294633d3703c34abee13fec2f98ba,0.043604,0.041173,0.002431,5.90,1.2,2024-07-24
0x82fb6b9420060634b172f25f1d7dbf0de260c106,0.038276,0.035333,0.002943,8.32,1.6,2024-03-19
0x5f6e66c48bd0fb25b5d5ea96739366fa82d354e0,0.035841,0.033770,0.002071,6.13,1.3,2024-07-10
0x496f052cd7efc6e9b0d8795b751b304c77c7235f,0.035337,0.032123,0.003214,10.00,1.8,2024-01-16
0x1da8b0b739190837716cfbe656b2b55b06efea75,0.035184,0.033083,0.002101,6.35,1.3,2024-06-25
0xab2869fe63259cb3caacc52005c9b33589fd8355,0.034849,0.033131,0.001718,5.18,1.0,2024-09-29
0xe6bc8d768b6cfe0eac290cd894e0a0fb76d29d40,0.034377,0.032665,0.001712,5.24,1.1,2024-09-23
0x33898903c17b2b4cf37782535691baebc744e590,0.034088,0.030000,0.004088,13.62,2.6,2023-03-26
0xc504daf9d589affddc45f6c5a7956c6ef095c730,0.032989,0.030911,0.002078,6.72,1.4,2024-06-06
0x43a65f3c3c79b46f5c7bb67d8ea382fd306509a3,0.032537,0.030933,0.001604,5.18,1.0,2024-09-29
0xe3892c99a5fba407e813de570c9dcccabb91d64e,0.031704,0.030000,0.001704,5.68,1.2,2024-08-11
0x88ae3f596caa73e43a6277aced004fcf45bd3f20,0.030870,0.028809,0.002061,7.15,1.4,2024-05-13
0xd9461ea9384565165a8bb3f7e5be216cdc25dbb6,0.030665,0.029011,0.001654,5.70,1.2,2024-08-09
0xe69218c70f2e0e945c23cfac2fd9881221a93dd1,0.029825,0.028355,0.001470,5.18,1.0,2024-09-29
0x427d5dbc858aae4203742116deaf4c698e6bfceb,0.029398,0.026851,0.002547,9.48,1.7,2024-02-13
0xe836f8abb40aab5f5d6be148e3ee7e56ae64ecab,0.028865,0.026006,0.002859,10.99,1.9,2023-12-01
0x17ef7573d2c51f56045fde95c4ad2cb90cee496e,0.028109,0.026204,0.001905,7.26,1.5,2024-05-04
0x3dfa420bdb21f3225283d1576ed9399adc79a249,0.028032,0.026491,0.001541,5.81,1.2,2024-07-31
0x0be20cabf2ff51cd97511bbb5cfc6b0a4060f2b1,0.026681,0.025030,0.001651,6.59,1.3,2024-06-12
0x11c3946dc1b186c2e8cdebbae4527b418a2395ee,0.025511,0.023680,0.001831,7.73,1.5,2024-04-12
0xc9f8317a2cf79dac0ab32ffb02bab22ec26e5920,0.025488,0.022946,0.002542,11.07,1.9,2023-11-25
0x6d68469c8a6c9e12a52167dc6a9e3610ad85d195,0.025474,0.023748,0.001726,7.26,1.5,2024-05-04
0xf22977448592ba6dc4e210824c191f5b4375d8ae,0.023712,0.022288,0.001424,6.38,1.3,2024-06-23
0x51370885dd8671d38140c21d2ac94d80fcf6847e,0.023640,0.022458,0.001182,5.26,1.1,2024-09-21
0x4a2e07f01ec5d4dcc7f62342d77bca41bb22c504,0.023370,0.021953,0.001417,6.45,1.3,2024-06-19
0xaee06bb17cb26800a613c8f80009e856332dd531,0.022837,0.020000,0.002837,14.18,2.6,2023-03-01
0x91bc9eefca5bdf2db609879aedc579c70a0ae901,0.022458,0.020000,0.002458,12.29,2.1,2023-08-29
0x2991a7c9075ec5e375c571b55b175aa51ec273d5,0.021594,0.019986,0.001608,8.04,1.5,2024-03-30
0x11a0f7449c4e1cb3200bc63ce4e75f4859205230,0.021444,0.019999,0.001445,7.22,1.4,2024-05-07
0x3ea7d5a89e69afd18ae55c30c0ca08791a66a35d,0.020464,0.019487,0.000977,5.01,1.0,2024-10-15
0xf934d0eb75a624fc9aed704b9088ebacfee8f5f6,0.020035,0.018766,0.001269,6.76,1.4,2024-06-04
0x0604429d201b358d6b6841fb040c0550a370dccd,0.019061,0.017772,0.001289,7.25,1.5,2024-05-05
0xaf60da03990bf507becb0577a975d6f41573d7c5,0.018506,0.016599,0.001907,11.48,2.0,2023-11-01
0xc27c143a6d4793f6d26d545a711eebb9ff488a66,0.018255,0.017165,0.001090,6.35,1.3,2024-06-25
0x21956963f0cd3d7d0f620b799d1e58c2fbcae71d,0.017240,0.016061,0.001179,7.34,1.5,2024-04-30
0xb781ec3067c115c93f6d5cd7882f831a42a663a4,0.017174,0.016327,0.000847,5.18,1.0,2024-09-29
0xa261f54481aa14bc16c9a061fe53af7c599ff7ed,0.017156,0.015326,0.001830,11.94,2.0,2023-10-02
0x8c545be506a335e24145edd6e01d2754296ff018,0.016391,0.014774,0.001617,10.94,1.9,2023-12-04
0xa9781c55c4257675a72a53525f1c960d2fb41a7d,0.016083,0.014169,0.001914,13.50,2.5,2023-04-12
0x3e9f7cdfc077ed06f89c9fb8420bf6b99c621833,0.015689,0.014082,0.001607,11.41,1.9,2023-11-05
0x7073d2f958fc1d826587e077a0b239ac15c07388,0.015340,0.014483,0.000857,5.91,1.2,2024-07-23
0xa5401a90ade7c0ae76f2975e921515b8d4bace49,0.015108,0.014324,0.000784,5.47,1.1,2024-08-29
0x719374101164ce5a11be14ba7672839b348d309a,0.014850,0.013915,0.000935,6.71,1.4,2024-06-06
0xd88f352c2abb40cd716525700bffbc48c696ba73,0.012936,0.011658,0.001278,10.96,1.9,2023-12-03
0x0b1ce98ff96b57fa97ebd405672f7d04106c9028,0.012875,0.012099,0.000776,6.41,1.3,2024-06-21
0x8a262edd4ec90d7dbe11e41deff9db154845d965,0.012727,0.012004,0.000723,6.02,1.3,2024-07-17
0x5d54210a4eb2aac84c3ab4c75de31ff175b237e4,0.012360,0.011512,0.000848,7.36,1.5,2024-04-29
0x32a918bd01f5ac7d8fddf5d2786e5634eed4b106,0.011916,0.011113,0.000803,7.22,1.4,2024-05-07
0xf288d6393edc1c654bb30b537bbf15b30e019566,0.011802,0.011023,0.000779,7.06,1.4,2024-05-19
0xdb9e63907ec0aca7728c285e566c927839505814,0.011785,0.010998,0.000787,7.15,1.4,2024-05-13
0xf59d174a282d54c81d898c8d48213b17dc145cc3,0.011714,0.011000,0.000714,6.49,1.3,2024-06-17
0x5a6cc490f2844ad4e6c4b9bc7500a0cafc1de5dd,0.011666,0.010471,0.001195,11.41,1.9,2023-11-05
0x2d2615668d0a8cabcf15455cba598856f5b14ab2,0.011464,0.010665,0.000799,7.49,1.5,2024-04-22
0x737a2059e67d660371f80e98bb505fb33435d40b,0.011421,0.010000,0.001421,14.21,2.6,2023-02-25
0x2302b4550fdfdc3fb01c321f91ef6e1fc3828bc7,0.011385,0.010711,0.000674,6.29,1.3,2024-06-30
0x4d58d36e46cf9af14e416061fe5d0074780b4099,0.011362,0.010000,0.001362,13.62,2.6,2023-03-27
0x17d60e33385700247741d8a0c2db0d4ac28130d7,0.011362,0.009999,0.001363,13.63,2.6,2023-03-26
0x26fdc242eccc144971e558ff458a4ec21b75d4e8,0.011352,0.010000,0.001352,13.52,2.5,2023-04-11
0x921f15bb887c4636b05aa88a1faad71efe8c5942,0.011322,0.010000,0.001322,13.22,2.4,2023-05-21
0x35e3a5f9a59a441f5b87416ed68eb99753e59171,0.011312,0.010000,0.001312,13.12,2.4,2023-06-04
0xaec2d11b6c0f38ef2bedd1db577c81e02bfaf634,0.011115,0.010458,0.000657,6.28,1.3,2024-06-30
0x10b9f7a1435f2486324dcf6a930cfc64332a43bc,0.011021,0.010000,0.001021,10.21,1.8,2024-01-06
0x97ff69ab225848419a4a554dc86879020d2c00ac,0.010694,0.010000,0.000694,6.94,1.4,2024-05-26
0x25a0a545262978c03848adc097f694e619d8d965,0.009682,0.009016,0.000666,7.38,1.5,2024-04-27
0xe868128cba30f79468e375dc85594cfc78d7b85d,0.009352,0.008294,0.001058,12.75,2.2,2023-07-21
0x58e2eb90a3c7c202e8a35981fd2b89db76d3cf20,0.009263,0.008110,0.001153,14.21,2.6,2023-02-25
0x49ddba63bb98320d2e03541ed8dc1cc4849700be,0.009151,0.008481,0.000670,7.90,1.5,2024-04-06
0x812bd50158c083bc7dc1417fd8085a5e0e627739,0.008993,0.008060,0.000933,11.57,2.0,2023-10-27
0x13d1659f7e925ee9f4853dab2e843fb51e48bbd7,0.008612,0.008081,0.000531,6.57,1.3,2024-06-13
0xadb5b83b0cb03bfa0930fd0aefdb9de4fe07e383,0.008260,0.007532,0.000728,9.66,1.7,2024-02-06
0xa51777ad75545767eebe53b1bfc58de2d706818c,0.008107,0.007246,0.000861,11.88,2.0,2023-10-05
0x8a37e4dca5695d81113f317c1d502c156da3ff13,0.008010,0.007455,0.000555,7.44,1.5,2024-04-24
0x0028b7c5e72f32a83c3e74550c6d0380a9a6a8f9,0.007904,0.007514,0.000390,5.19,1.0,2024-09-29
0xbd2539f8d80c3fbe7419f9cb1e0a7c2972caa157,0.007661,0.007241,0.000420,5.80,1.2,2024-07-31
0x692fd9d0c2a00e66bf809fdc6dcea5107f5c9f86,0.007472,0.007082,0.000390,5.50,1.1,2024-08-27
0xe77314be2ce50242602a7f1cc8d1164a7e65aa70,0.007196,0.006593,0.000603,9.14,1.6,2024-02-27
0x74d749f4fcf43ccbd9ae5588e0ad2a0eb411560b,0.007183,0.006699,0.000484,7.22,1.4,2024-05-07
0xed622018f8c033c9c75519734d84e7e48e0704d4,0.006986,0.006458,0.000528,8.17,1.6,2024-03-26
0xc60a6f0c3fe970013356ddbb21851664d6780e5a,0.006698,0.006233,0.000465,7.46,1.5,2024-04-23
0x8ae6b0038eb1af5cd167204926baf659f7155f57,0.006548,0.006157,0.000391,6.35,1.3,2024-06-26
0x8f301a47995700ed83233897ecc647fa2bcad0c1,0.006168,0.005847,0.000321,5.48,1.1,2024-08-27
0x13c1f33ef713d53d61acc7fa8761a1a74b8f5f67,0.006161,0.005749,0.000412,7.16,1.4,2024-05-11
0xf211d99364f899acc598f46d1f1456c80b9f0586,0.005750,0.005343,0.000407,7.61,1.5,2024-04-16
0x6a33fe2851a08f0f3ffe39f12feee97c6e7af0f6,0.005674,0.005335,0.000339,6.35,1.3,2024-06-25
0x19ff15c3d1ec771183901898aceed1d022c57205,0.005584,0.005240,0.000344,6.56,1.3,2024-06-13
0x9bd1766d43183c38cf8b051c28fec91210cdbd97,0.005361,0.004991,0.000370,7.41,1.5,2024-04-25
0x4c1216a641aa3b8e592ef960b5d3fef6139ac01c,0.005353,0.004716,0.000637,13.50,2.5,2023-04-12
0x33664a37935ae949fbd92934bac73de95ac6a122,0.005293,0.004751,0.000542,11.40,1.9,2023-11-05
0xca607e29065752548fd2b7a1c0411a6656b4bce4,0.005266,0.004742,0.000524,11.05,1.9,2023-11-27
0x4498ed2f65e3cc8b6667d4e9bc9a1abfad7dd5e3,0.005243,0.004919,0.000324,6.58,1.3,2024-06-12
0x2285a57c8a4153acf8f0882df4382399b17401e8,0.005185,0.004829,0.000356,7.37,1.5,2024-04-28
0xb8dc10f7066bf1286996c0be4041a9dde93341f4,0.005023,0.004687,0.000336,7.16,1.4,2024-05-13
0x72bdfdb0e9d009dcf3b40b9900bd64e3759299ad,0.004800,0.004435,0.000365,8.22,1.6,2024-03-24
0xb754e12bb7748360bf47a736a043a4eaee2db24b,0.004610,0.004048,0.000562,13.88,2.6,2023-03-12
0x4d1a9d4d382c485beecf80661b23e0791891d6fb,0.004540,0.004272,0.000268,6.27,1.3,2024-06-30
0x8a8689b88e2754ce4655330c41723eff9fdfcb63,0.004388,0.004093,0.000295,7.20,1.4,2024-05-09
0xfcba2b176dbee8d89e7114061fbeced92fe9f5db,0.004337,0.003821,0.000516,13.50,2.5,2023-04-12
0xe85e70c36e2dd211aaed84216707330361faf860,0.004150,0.003705,0.000445,12.01,2.1,2023-09-22
0xc243f51c3315f3dfd6a37165995bd4cb7b2f963f,0.003715,0.003418,0.000297,8.68,1.6,2024-03-11
0x45d32aa691dd64276a3f12ba5a887c5d0fcc0ce9,0.003707,0.003449,0.000258,7.48,1.5,2024-04-22
0x6183b00ecc06d9333e001369753b689b073e3567,0.003679,0.003386,0.000293,8.65,1.6,2024-03-11
0x87efa089e4aa0a0684307fe1ae76eaf3c9573c92,0.003542,0.003309,0.000233,7.04,1.4,2024-05-20
0xe90c14b7d3877af3ec9961c2589943289b6f263e,0.003380,0.003139,0.000241,7.67,1.5,2024-04-14
0xf6262371dc53b2d8f96bfdf807a4b6e375aa69f2,0.003207,0.002826,0.000381,13.48,2.5,2023-04-12
0x9f4d1e9b553fab73180f16870cee65a52862a824,0.003070,0.002913,0.000157,5.38,1.1,2024-09-04
0xc9161b701f44ee19443773691c6be975e4c2a1e2,0.003014,0.002653,0.000361,13.60,2.6,2023-03-27
0x76dd931d59ec0ee69e815028ea71faa6f205a741,0.002963,0.002612,0.000351,13.43,2.5,2023-04-27
0x95c7c8dad18277ba8e9d96ec67a447e05131eaea,0.002872,0.002513,0.000359,14.28,2.7,2023-02-16
0xe415c590e37dabce376a61880c930f96e5efb08f,0.002664,0.002418,0.000246,10.17,1.8,2024-01-06
0x7663e4e775b3cfc3bc89290f10144f203263b8f8,0.002661,0.002344,0.000317,13.52,2.5,2023-04-08
0x9ca5949abce066c474936e41c02ad1a95da26f3a,0.002652,0.002518,0.000134,5.32,1.1,2024-09-14
0x128fde845dc53179463d3585013d626f73409cb9,0.002547,0.002418,0.000129,5.33,1.1,2024-09-15
0x2f6198509f37292add1dd8d81709878f69587aab,0.002523,0.002228,0.000295,13.24,2.4,2023-05-18
0xb9e643863fe079f07959b00e72088b8736c01f13,0.002470,0.002245,0.000225,10.02,1.8,2024-01-15
0x78e29a8b1f246e67ab33c235d82764c0727e8862,0.002296,0.002088,0.000208,9.96,1.8,2024-01-17
0xcc2a4c38b8a40730ab0d86555e2dfdce2048895d,0.002293,0.002168,0.000125,5.76,1.2,2024-08-06
0x9570b9f303974614d8b00b88f70f9909d908dbd9,0.002269,0.002154,0.000115,5.33,1.1,2024-09-14
0x2c83a81d78d6add78d86061d4d25638e12b17aac,0.002215,0.002061,0.000154,7.47,1.5,2024-04-23
0x8b0ed0628ff52d73074f3a29575e0c99db7231e6,0.002207,0.002096,0.000111,5.29,1.1,2024-09-18
0xe77076acce831fb5e5fae214984da2be0375cf18,0.002197,0.002064,0.000133,6.44,1.3,2024-06-19
0x781f73cae1df025ce9749732989d4ac51d7986c1,0.002175,0.001956,0.000219,11.19,1.9,2023-11-17
0x2691c1632cf3da0d4ddd543807c152eae0fbdd8b,0.002104,0.001962,0.000142,7.23,1.5,2024-05-05
0xa2763695453f8f5ff1fbf840456fdf84d568b2c3,0.002028,0.001925,0.000103,5.35,1.1,2024-09-15
0x57d3bddb0bc05ed489745876aa7934c5934ff901,0.001990,0.001893,0.000097,5.12,1.0,2024-10-08
0xc85cbabe351a3db91b296617abe8280f5d864034,0.001988,0.001860,0.000128,6.88,1.4,2024-05-29
0xe59e75bf95b8f55e5c7a9310db8d9526df9056de,0.001916,0.001686,0.000230,13.64,2.6,2023-03-24
0x347ed1bed117209adea506c2f9860ed35dcb8e20,0.001909,0.001785,0.000124,6.94,1.4,2024-05-28
0x486063e323251ec48e8d11b756d0dfb7a7b5f308,0.001696,0.001500,0.000196,13.06,2.4,2023-06-07
0xb504eac6f27a2be5b51ecace70bc77bbedcd771f,0.001634,0.001546,0.000088,5.69,1.2,2024-08-08
0xd5580ee3b3cb765d15798693945048591e667d59,0.001621,0.001539,0.000082,5.32,1.1,2024-09-18
0x82b218ed2bfbca34ec77bc582ab04a688af04d5f,0.001576,0.001467,0.000109,7.43,1.5,2024-04-24
0xe940382ee6cb4e0cdf017df2a3fe9f723c8f7618,0.001557,0.001407,0.000150,10.66,1.8,2023-12-20
0xcd385068fcf0358a3e84fbef6eac844a278dbdcd,0.001525,0.001429,0.000096,6.71,1.4,2024-06-07
0x8ddc163aae87ed1dd30ce8064152629eb6983d99,0.001511,0.001427,0.000084,5.88,1.2,2024-07-28
0x83171ac856c07bfd2c122d79156611ee6870acfc,0.001449,0.001282,0.000167,13.02,2.4,2023-06-11
0x67c162b74f096b571e361e191270cdc1ef585591,0.001355,0.001200,0.000155,12.91,2.3,2023-07-03
0x148ba6b9fa500a273e0629132d09ab16174f4c96,0.001322,0.001184,0.000138,11.65,2.0,2023-10-19
0xd58a3951b0b34700644dfe6fd3fc583d1dc8a00f,0.001314,0.001210,0.000104,8.59,1.6,2024-03-13
0x6d19be40b609701a09bc00e98ed9fb11a9b67636,0.001302,0.001205,0.000097,8.04,1.5,2024-03-31
0x2bb0ceadf4780fc4d15d027308cb6a64aeef475e,0.001292,0.001216,0.000076,6.25,1.3,2024-06-28
0x0118d908a1f5fa0e49a01f07809e563b78140bde,0.001265,0.001157,0.000108,9.33,1.7,2024-02-19
0xd9688a200b1673bf97099f711d2694e9aba026a5,0.001234,0.001124,0.000110,9.78,1.7,2024-01-29
0xfffe489bce5fa105a2ae6675c4866242470a3cf0,0.001219,0.001158,0.000061,5.26,1.1,2024-09-14
0xfb2356700fafaa676c2fc304a5f67c020a54971e,0.001184,0.001123,0.000061,5.43,1.1,2024-09-04
0xb9f1d0571fbb3de77a844dc98b71f40709f917d6,0.001148,0.001088,0.000060,5.51,1.2,2024-08-18
0x90457df24e85e174e61ec62fbab1a6ef34874d7c,0.001136,0.001000,0.000136,13.60,2.6,2023-03-26
0x6ea2e492a7128508d609de8d9e562c611e587b33,0.001130,0.001000,0.000130,13.00,2.3,2023-06-20
0x5df431ee1c819e54e1b8a1e46268556c0a7b0bae,0.001128,0.000999,0.000129,12.91,2.3,2023-07-07
0xb6db2f2f0fee8ce36d1e1228bbd4c7f0f1fc65dc,0.001092,0.001033,0.000059,5.71,1.2,2024-08-05
0x8433ed31c243d6c1c528b8d0810eaeba100cfae4,0.001088,0.000989,0.000099,10.01,1.8,2024-01-16
0x8ae8cda277c2576cea764aa81a5339cfe900ceff,0.001002,0.000948,0.000054,5.69,1.2,2024-08-10
0xb7364c98effadfb17da71867b501f9ec36850643,0.000991,0.000915,0.000076,8.30,1.6,2024-03-23
0x5f347f11beb1ae0b719a625268e026d4052340e6,0.000972,0.000875,0.000097,11.08,1.9,2023-11-24
0xf622be9c03d4f6833b691cea3e7c52aacb486498,0.000940,0.000836,0.000104,12.44,2.2,2023-08-07
0x46c05351b0ee6d9003561576b9a6e5e26b4201cb,0.000873,0.000802,0.000071,8.85,1.6,2024-03-06
0xdab4eab04362b46e8f71024a7687b5aee13bdf5d,0.000831,0.000785,0.000046,5.85,1.2,2024-07-29
0x3f4122a5f01b26d94f3d327f77a128ba7bfdddc8,0.000795,0.000711,0.000084,11.81,2.0,2023-10-05
0xaaa793d835aa6145795052c56459a57f42468347,0.000767,0.000719,0.000048,6.67,1.3,2024-06-14
0xa19f35027fdcc1edf6effe9449fb510aa475c577,0.000747,0.000703,0.000044,6.25,1.3,2024-07-04
0x6a0bc2c0d7e005059ca22b2ccf1f32d1525f9254,0.000719,0.000679,0.000040,5.89,1.2,2024-07-31
0x3d92aed1a491d8aa62852355d7679af7d76bb1c3,0.000687,0.000649,0.000038,5.85,1.2,2024-08-05
0x6d85d3014ef5da77cfc0fb00ac310574bdec3740,0.000682,0.000640,0.000042,6.56,1.3,2024-06-13
0x0b14727d4e6ee8df69a75181629bd5151bf48362,0.000597,0.000546,0.000051,9.34,1.7,2024-02-13
0x264bb62bffc6461954b982fb7007428790593bb8,0.000593,0.000562,0.000031,5.51,1.1,2024-09-13
0xfe969e21a2e6027d72a0b4b68d4e9601af0d0783,0.000535,0.000500,0.000035,7.00,1.4,2024-06-01
0x616c0050584970febe2fe43710fd651f8e0a4442,0.000532,0.000497,0.000035,7.04,1.4,2024-05-21
0xd68efdf3e0152f0f11075c0f71f30e92ed16ef3d,0.000530,0.000499,0.000031,6.21,1.3,2024-07-09
0x3d60ce163c0c99657dac9275f87d15cf0aac925a,0.000529,0.000472,0.000057,12.07,2.1,2023-09-27
0xeec34714b673ef3e4d0805d70609df194883ef06,0.000508,0.000462,0.000046,9.95,1.8,2024-01-12
0xa5b93dbde098169375ccab352f489e6f7eab4b6b,0.000506,0.000469,0.000037,7.88,1.5,2024-04-09
0x78fde30585153202002431490a5765094702c0ff,0.000469,0.000411,0.000058,14.11,2.6,2023-03-08
0xec4f91ba17c732249ccc9f5bb12d73f173d9a17b,0.000462,0.000438,0.000024,5.47,1.2,2024-08-21
0x11a8385c6aa4be735f3c41a5ce5d718533cca98f,0.000453,0.000423,0.000030,7.09,1.4,2024-05-15
0x6dfbc2ead08c2f3b9674a7d0795660d59c04ac92,0.000440,0.000392,0.000048,12.24,2.1,2023-09-17
0x727003123f6bdd7cf2ac8207b265c3f9df8f2c67,0.000426,0.000404,0.000022,5.44,1.1,2024-09-09
0x775105ad18c19fb0da6718850322f03cd844dea5,0.000382,0.000343,0.000039,11.37,2.0,2023-10-31
0x1bccf0104d26d279b8b6998efa0e49dbab998e8c,0.000291,0.000271,0.000020,7.38,1.5,2024-05-05
0x3188752e42f3050d971e026b5b3efd2ce358361d,0.000283,0.000264,0.000019,7.19,1.5,2024-04-28
0xadc461098ebe3b7ca16cceafb29ff770e8de8794,0.000267,0.000249,0.000018,7.22,1.4,2024-05-06
0x4b769dd6ee3b6522a6b709008edcc24dcfbec6ac,0.000256,0.000225,0.000031,13.77,2.6,2023-03-26
0x869409d7d08353aa06dfcb5151a763559fe6b8f4,0.000250,0.000233,0.000017,7.29,1.5,2024-04-25
0x4328ccf3fc2e4c2d64f5f3c9717276bf548a2737,0.000236,0.000223,0.000013,5.82,1.2,2024-07-22
0x4ddd10a38596756b9ab1019e22ecb4e62c2f9fa3,0.000225,0.000205,0.000020,9.75,1.7,2024-01-27
0x9f1afdf545d517935d87b96b98d85def7ee20f76,0.000222,0.000207,0.000015,7.24,1.5,2024-05-01
0x074e92b8527587725a0e2b4b41ec85d797481ab5,0.000221,0.000211,0.000010,4.73,1.0,2024-10-16
0x6c4d39d63edf5039727ded60c7308a1a6b63cf0c,0.000189,0.000178,0.000011,6.17,1.3,2024-07-07
0x3a850b7746f4afb0d4169ff240415386eb5f0d0c,0.000189,0.000168,0.000021,12.50,2.2,2023-08-16
0xefa9ebb504c3bcaa63234d7d9d7ca2b64fa91042,0.000161,0.000142,0.000019,13.38,2.3,2023-06-26
0xeb02eae73f964483882fd9460dbfc97e4ebd7ced,0.000155,0.000142,0.000013,9.15,1.7,2024-02-19
0xebe090b1c8e41bfe9053cfa7ccdab915231937ce,0.000142,0.000133,0.000009,6.76,1.4,2024-05-28
0x25cbc581a7e6ff48cce7a00314c8b88377b39ff6,0.000139,0.000122,0.000017,13.93,2.6,2023-03-13
0xf7981d65c13a5905fd1ad354bdeb4c0a9d1d9394,0.000125,0.000118,0.000007,5.93,1.3,2024-06-14
0xb76d29e5970417334d5c9b702d24586d9685590c,0.000121,0.000110,0.000011,10.00,1.7,2024-02-04
0x1aeeaa375b4112f537fafdea5aa3bab0e1257557,0.000114,0.000100,0.000014,14.00,2.6,2023-02-27
0xfd1bd701afb8da8b0347fd6f9af61fc899890935,0.000112,0.000099,0.000013,13.13,2.1,2023-09-17
0xd64822bf6821d33bf7ec68ec3e99e438fa8d1d44,0.000101,0.000094,0.000007,7.44,1.5,2024-04-26
0x35e1c976c06a50392251283f41733ee86df810cc,0.000100,0.000094,0.000006,6.38,1.4,2024-06-01
0xdbe691c7107959f7e4e2b56f70ae07be638b5abd,0.000099,0.000094,0.000005,5.31,1.1,2024-09-07
0x3a66f923e59e969609cd24be579084e363cab0df,0.000091,0.000080,0.000011,13.75,2.6,2023-02-27
0x9ef2a7b0af6e7777c7b052a1002665ef9e2a6cf0,0.000086,0.000081,0.000005,6.17,1.3,2024-06-19
0x7ce79afffd46213ca416a640fe94727685637368,0.000082,0.000077,0.000005,6.49,1.3,2024-06-19
0x8cbb5566b4d15da59d149674afac2e3f303a94e3,0.000076,0.000071,0.000005,7.04,1.5,2024-04-10
0x49b35efd4cd14bd578ae73aa85e7cceeb650acc4,0.000073,0.000065,0.000008,12.30,2.2,2023-08-23
0x91bee4635808445f1e103be2697a9f72eb16bd44,0.000069,0.000064,0.000005,7.81,1.5,2024-04-13
0x69c15337b828064eb6f03864ae0e3c0de2f58a0c,0.000069,0.000063,0.000006,9.52,1.8,2024-01-12
0x765365f5df83a79001229f4e76881976039db8f5,0.000064,0.000059,0.000005,8.47,1.5,2024-04-02
0xee995171e62d825fec069dd0e0cd85a5957ae63e,0.000059,0.000053,0.000006,11.32,1.9,2023-12-05
0x7d2de180e8081fc76e662cb6d8557e7b3deef922,0.000058,0.000052,0.000006,11.53,1.8,2023-12-21
0x1aecea38b8626eeb3748234343cff427268dd487,0.000052,0.000048,0.000004,8.33,1.6,2024-03-05
0x0a3e61ee543c70aad9cb05945cb762511584e49c,0.000051,0.000048,0.000003,6.25,1.2,2024-08-05
0xd8f32fe3eea457bba2e5e2e1533ad5f34f591458,0.000045,0.000041,0.000004,9.75,1.8,2023-12-22
0xb1f71abcc5522d2c9b4993d7b5b479b37750cb4c,0.000044,0.000042,0.000002,4.76,1.1,2024-08-30
0x9071ca219b55a1325cd2425abf0f9f8a6701d54c,0.000044,0.000042,0.000002,4.76,1.1,2024-09-08
0x23ab17e73fb1f7f1fa6f97e3a70b1927df530e22,0.000043,0.000040,0.000003,7.50,1.6,2024-03-22
0xead9843fe054643d564a25929bd58721f3b47c65,0.000041,0.000037,0.000004,10.81,1.9,2023-11-19
0xf9917fff1bf1dac6115dc4bb2019f230235b9699,0.000035,0.000033,0.000002,6.06,1.1,2024-09-02
0x0d9757937b10a403739a8e61c3b11701a0985d2d,0.000033,0.000029,0.000004,13.79,2.0,2023-10-16
0x3071b188e57416f05118ee1de773ed700b088aec,0.000032,0.000029,0.000003,10.34,1.8,2024-01-05
0xc0d0c01ec0efe8e6e9deda912f0fd1f6686aa49b,0.000029,0.000028,0.000001,3.57,1.3,2024-07-16
0x94f10a89b7846b8ef6acbf2caa1b975732b87c63,0.000029,0.000027,0.000002,7.40,1.5,2024-03-31
0x7928c8c704b3aa79b6ecdd7b3e878613b194a99f,0.000029,0.000028,0.000001,3.57,1.1,2024-09-22
0x8980dbbe60d92b53b08ff95ea1aaaabb7f665bcb,0.000029,0.000026,0.000003,11.53,2.1,2023-09-04
0x93ff501ff8c29bb35c266ce003d3223965df87df,0.000022,0.000021,0.000001,4.76,1.5,2024-04-29
0x4ca8fb45a3720d497d31404d4d6b3267cf38d1ea,0.000021,0.000020,0.000001,5.00,1.2,2024-07-23
0x4c202d910d9f7f46937ddb244d8c3786136e8964,0.000021,0.000020,0.000001,5.00,1.2,2024-07-20
0xe9edce6aed92dccc5560caf3bb172f9e52642deb,0.000020,0.000018,0.000002,11.11,1.8,2024-01-02
0xe528655e48a3e31842129189b03b0bde46b1cdd2,0.000019,0.000018,0.000001,5.55,1.3,2024-06-18
0x0c52ddc31dbfab59c419258f9f8989caeeedcfff,0.000019,0.000017,0.000002,11.76,2.0,2023-10-20
0x6651005b2204927c896099a70037a95e673d4d72,0.000018,0.000016,0.000002,12.50,1.8,2023-12-23
0x477509d0c5b6243cf64ed85b84588c1747f9dc0c,0.000018,0.000017,0.000001,5.88,1.2,2024-07-31
0xc6ba4acbc118ff28ee4ea530c27bb192d409c4cc,0.000017,0.000016,0.000001,6.25,1.1,2024-08-26
0x8699117d844a88ccad81e348411fda7d6f73b911,0.000017,0.000016,0.000001,6.25,1.0,2024-10-15
0x8d1e5412933d5bbcf63f42244fa31cf42d140758,0.000014,0.000013,0.000001,7.69,1.5,2024-04-12
0x717bcd99c1f0ea5001b10d45d910fb8671936d3d,0.000014,0.000013,0.000001,7.69,1.7,2024-01-21
0xfc461b2d607ef39abc672171d227ff9cb445fd94,0.000013,0.000012,0.000001,8.33,1.5,2024-05-05
0xf0ee3f5bc9bd3f17c0f0350cabb37531009b5477,0.000013,0.000012,0.000001,8.33,1.6,2024-03-03
0x36995e18f9ace23cb954884ead797036b920709a,0.000011,0.000010,0.000001,10.00,1.2,2024-08-20
0x09aa1f519a619131f148efe6248c630590db3e6b,0.000010,0.000009,0.000001,11.11,1.9,2023-12-06
0x5a2811ac387b6a24da9a3e7cc2d86633b056ac6b,0.000009,0.000008,0.000001,12.50,1.4,2024-05-20
0xb7e532d2bd6ba6ca13b3082dd02d721ca9472567,0.000009,0.000008,0.000001,12.50,1.8,2024-01-01
0xf5abf23f55b5cad6b9ee146d8b9aaf088ecfa383,0.000008,0.000007,0.000001,14.28,1.3,2024-07-01
0x4dde79e350e1b9a50b74e965b6a824d076ec74b1,0.000008,0.000007,0.000001,14.28,1.1,2024-09-21
0xc323a7e7f3558f4f81789cd5a84c11fee8c0fb57,0.000008,0.000007,0.000001,14.28,1.6,2024-03-04
0xa8ca333b7b5db30cc67cba2179ad9ed38458dfc6,0.000008,0.000007,0.000001,14.28,1.4,2024-05-14
0xa275a65e1e583f8b318885259ed833b92e0db383,0.000008,0.000007,0.000001,14.28,1.4,2024-05-11
0x6efb3b6c0a6d29090de8be32cd41aac88a3ed7b6,0.000008,0.000007,0.000001,14.28,1.4,2024-05-11
0x9f88b5b2d73aa5a4428815c529e45e4be5db40e8,0.000006,0.000006,0.000000,0.00,1.4,2024-05-10
0x9abb2f271d3e98bc771c8399f168fe22dc86fb5a,0.000006,0.000006,0.000000,0.00,1.2,2024-07-20
0x0a5d79fdeaf4d5326a9e76dc35ba0e7ae6aba385,0.000006,0.000006,0.000000,0.00,1.2,2024-08-14
0x08c0316181bc7db987bd0184b31419729d961c93,0.000006,0.000006,0.000000,0.00,1.2,2024-08-12
0xd70f983ecd5cbb9f291c8074523f932ea5f7f116,0.000005,0.000005,0.000000,0.00,1.2,2024-07-24
0x4d66dcfdf4f152bc80755f2b7d1eace24154d025,0.000004,0.000004,0.000000,0.00,1.3,2024-07-10
0x130c96a88ec131c75198ca887be15376153ccedf,0.000004,0.000004,0.000000,0.00,1.9,2023-11-08
0xf155941ce7bb30d8cfc16fbc81238e3834b5b0f4,0.000003,0.000003,0.000000,0.00,1.1,2024-09-16
0xe123dcd7a88c7142f05325f94a55f2c09e3ce863,0.000003,0.000003,0.000000,0.00,1.0,2024-09-30
0xddf2eb9ebab14ff3cfaed5371fe5913aee140ef0,0.000003,0.000003,0.000000,0.00,1.2,2024-08-02
0x7f2e50105d3eea2247abfe45927a698b0f6a3e38,0.000003,0.000003,0.000000,0.00,1.1,2024-09-24
0x42125778903390bb64db3ca0be70a8fae77da872,0.000003,0.000003,0.000000,0.00,1.9,2023-11-16
0x03416f2d89894c6f4dd185c3b747ac472260b856,0.000003,0.000003,0.000000,0.00,1.1,2024-09-08
0xd31f1b528d39b320871be5bbd8bae20c888244f2,0.000002,0.000002,0.000000,0.00,2.0,2023-10-12
0xa321b16b63136ce0ac1c517bcd1382933bd60c08,0.000002,0.000002,0.000000,0.00,1.5,2024-04-26
0x72ef852c8c3059da568648666de26465fad532ca,0.000002,0.000002,0.000000,0.00,1.5,2024-04-27
0x590eefafa2cce5340e6e40869e5ef7ea14e752e8,0.000002,0.000002,0.000000,0.00,1.0,2024-10-09
0x49d5df7773936decc72e0e305f28190bc1a13e08,0.000002,0.000002,0.000000,0.00,2.2,2023-07-25
0x3794367b71cfb91153b2d45674107525d473ba79,0.000002,0.000002,0.000000,0.00,1.6,2024-03-01
0x0f9ae9f86154c8afee7e885d38e239f92ca9c37b,0.000002,0.000002,0.000000,0.00,1.1,2024-09-16
0x0b7c3f4b8c91ca8a1c661002122843f682f0fea1,0.000002,0.000002,0.000000,0.00,1.1,2024-09-09
0xed697287447ff5680d8249f868439ffdfe34d88c,0.000001,0.000001,0.000000,0.00,1.1,2024-09-13
0xea697f6adf57219cc61266aadcb9b726d49c012b,0.000001,0.000001,0.000000,0.00,2.3,2023-06-27
0xdbfd25f0e50008179201f00306621917bc728ec8,0.000001,0.000001,0.000000,0.00,1.2,2024-08-03
0xd5ad78f77521cfb5856ca02b01a7d500f55b5171,0.000001,0.000001,0.000000,0.00,1.3,2024-07-02
0xce80a38c46519420616822761761719e94e2a328,0.000001,0.000001,0.000000,0.00,1.1,2024-09-08
0xc550e3dc63d09a192dc47bde3569a2358563f565,0.000001,0.000001,0.000000,0.00,1.1,2024-09-11
0xba621216d13ac82ca687f851a5c4b25cb6960dce,0.000001,0.000001,0.000000,0.00,1.1,2024-09-28
0xb8d9b1ec1c1f8bea7fb10450198c0b47d50c96b7,0.000001,0.000001,0.000000,0.00,1.2,2024-08-13
0xb5caae7bc6eea534db093515aacd7bfa09f071dc,0.000001,0.000001,0.000000,0.00,2.2,2023-07-20
0xad41ea7e86bf5e515cb66e0f10196b2bf3e08d51,0.000001,0.000001,0.000000,0.00,1.1,2024-09-14
0x9a190cc871364991445820b3812f60c54b2989b6,0.000001,0.000001,0.000000,0.00,2.7,2023-02-14
0x98b78b987b006c4f10180e1bf63174499af6d871,0.000001,0.000001,0.000000,0.00,2.1,2023-09-09
0x7fbc456d7dea0f3be6ebfb358dc75b8dfbe9a513,0.000001,0.000001,0.000000,0.00,1.3,2024-07-04
0x73d5632875c3478695f2edff28153226743f151d,0.000001,0.000001,0.000000,0.00,1.7,2024-01-27
0x6f1d0688ac7455e53ca32d7f5f829d4fd3552097,0.000001,0.000001,0.000000,0.00,1.5,2024-04-10
0x6108e56b83f10010e5138bea598c8cd400d08397,0.000001,0.000001,0.000000,0.00,1.1,2024-09-14
0x5994979d2132153a47ed38f35edfb30071417ede,0.000001,0.000001,0.000000,0.00,1.2,2024-08-01
0x579a4054271aa3e1583c3e3bbc4c9584553301a7,0.000001,0.000001,0.000000,0.00,1.4,2024-06-11
0x496a0f3fd10a06d3ecdef8d82ba1be3683c4c03c,0.000001,0.000001,0.000000,0.00,1.4,2024-06-10
0x480a69132578c5e8fc4173d575925b013e15fd76,0.000001,0.000001,0.000000,0.00,2.6,2023-03-13
0x41ff7e6560378a1bdb6c212d2f5c883f833a5256,0.000001,0.000001,0.000000,0.00,1.1,2024-09-05
0x36a050412491e75c0c15a0a12e12eb287ffc5a26,0.000001,0.000001,0.000000,0.00,1.7,2024-02-22
0x2b42ed261fea5bcf47e181d9d3633e626aa400d3,0.000001,0.000001,0.000000,0.00,1.4,2024-06-09
0x158a431570ad21cd52b3332dfa699e95e41e7a6b,0.000001,0.000001,0.000000,0.00,1.2,2024-08-07
0x1557e104b1949de838359cf5fba36606e1ff5134,0.000001,0.000001,0.000000,0.00,1.3,2024-06-28
TOTALS (1037 users),62048706.476044,57552888.735076,4495817.740968,7.81,,